Entity,Year,Birth rate
Afghanistan,2010,40.60200119018555
Afghanistan,2011,39.85499954223633
Afghanistan,2012,40.00899887084961
Afghanistan,2013,39.60100173950195
Afghanistan,2014,39.10499954223633
Afghanistan,2015,38.803001403808594
Afghanistan,2016,37.93600082397461
Afghanistan,2017,37.34199905395508
Afghanistan,2018,36.92699813842773
Afghanistan,2019,36.46599960327149
Africa,2010,36.86199951171875
Africa,2011,36.5880012512207
Africa,2012,36.22600173950195
Africa,2013,35.84299850463867
Africa,2014,35.459999084472656
Africa,2015,35.066001892089844
Africa,2016,34.48699951171875
Africa,2017,34.104000091552734
Africa,2018,33.733001708984375
Africa,2019,33.347999572753906
Albania,2010,11.920000076293944
Albania,2011,12.03499984741211
Albania,2012,12.22700023651123
Albania,2013,12.279000282287598
Albania,2014,12.149999618530272
Albania,2015,11.718000411987305
Albania,2016,11.288999557495115
Albania,2017,10.869999885559082
Albania,2018,10.517000198364258
Albania,2019,10.343000411987305
Algeria,2010,24.45800018310547
Algeria,2011,24.815000534057617
Algeria,2012,25.381999969482425
Algeria,2013,25.23600006103516
Algeria,2014,25.40399932861328
Algeria,2015,25.405000686645508
Algeria,2016,25.166000366210938
Algeria,2017,24.7549991607666
Algeria,2018,24.073999404907227
Algeria,2019,23.29800033569336
American Samoa,2010,22.53400039672852
American Samoa,2011,21.950000762939453
American Samoa,2012,21.354999542236328
American Samoa,2013,20.7189998626709
American Samoa,2014,20.191999435424805
American Samoa,2015,19.742000579833984
American Samoa,2016,19.20400047302246
American Samoa,2017,18.5310001373291
American Samoa,2018,17.863000869750977
American Samoa,2019,17.34000015258789
Andorra,2010,11.89900016784668
Andorra,2011,11.449000358581545
Andorra,2012,10.605999946594238
Andorra,2013,9.440999984741213
Andorra,2014,9.531999588012695
Andorra,2015,9.927000045776367
Andorra,2016,9.4399995803833
Andorra,2017,8.418999671936035
Andorra,2018,7.947000026702881
Andorra,2019,7.778999805450439
Angola,2010,44.970001220703125
Angola,2011,44.36399841308594
Angola,2012,43.86000061035156
Angola,2013,43.28200149536133
Angola,2014,42.67599868774414
Angola,2015,42.02000045776367
Angola,2016,41.37699890136719
Angola,2017,40.810001373291016
Angola,2018,40.23600006103516
Angola,2019,39.72499847412109
Anguilla,2010,13.375
Anguilla,2011,13.020000457763672
Anguilla,2012,12.682000160217283
Anguilla,2013,12.401000022888184
Anguilla,2014,10.5600004196167
Anguilla,2015,10.722000122070312
Anguilla,2016,10.633000373840332
Anguilla,2017,10.39799976348877
Anguilla,2018,10.08899974822998
Anguilla,2019,9.89799976348877
Antigua and Barbuda,2010,14.71500015258789
Antigua and Barbuda,2011,14.312999725341797
Antigua and Barbuda,2012,13.496999740600586
Antigua and Barbuda,2013,12.468999862670898
Antigua and Barbuda,2014,12.324999809265137
Antigua and Barbuda,2015,12.590999603271484
Antigua and Barbuda,2016,11.659000396728516
Antigua and Barbuda,2017,11.788999557495115
Antigua and Barbuda,2018,10.815999984741213
Antigua and Barbuda,2019,11.484999656677246
Argentina,2010,17.8700008392334
Argentina,2011,17.805999755859375
Argentina,2012,17.729000091552734
Argentina,2013,17.631999969482422
Argentina,2014,17.503999710083008
Argentina,2015,17.34600067138672
Argentina,2016,16.823999404907227
Argentina,2017,16.20599937438965
Argentina,2018,15.187000274658203
Argentina,2019,14.782999992370604
Armenia,2010,13.89799976348877
Armenia,2011,14.04599952697754
Armenia,2012,15.093999862670898
Armenia,2013,15.05500030517578
Armenia,2014,15.842000007629396
Armenia,2015,14.640999794006348
Armenia,2016,14.503999710083008
Armenia,2017,13.605999946594238
Armenia,2018,13.307000160217283
Armenia,2019,12.892000198364258
Aruba,2010,12.192999839782717
Aruba,2011,12.246000289916992
Aruba,2012,12.722999572753906
Aruba,2013,13.315999984741213
Aruba,2014,13.532999992370604
Aruba,2015,12.428000450134276
Aruba,2016,12.300000190734863
Aruba,2017,11.529999732971191
Aruba,2018,9.880999565124512
Aruba,2019,9.137999534606934
Asia,2010,18.60400009155273
Asia,2011,18.374000549316406
Asia,2012,18.50300025939941
Asia,2013,18.03300094604492
Asia,2014,17.743999481201172
Asia,2015,17.215999603271484
Asia,2016,17.163999557495117
Asia,2017,16.836000442504883
Asia,2018,15.991000175476074
Asia,2019,15.491999626159668
Australia,2010,13.680999755859377
Australia,2011,13.475000381469728
Australia,2012,13.54699993133545
Australia,2013,13.281999588012695
Australia,2014,12.819000244140623
Australia,2015,12.869999885559082
Australia,2016,12.854999542236328
Australia,2017,12.73900032043457
Australia,2018,12.87600040435791
Australia,2019,12.09000015258789
Austria,2010,9.345999717712402
Austria,2011,9.293999671936035
Austria,2012,9.324000358581545
Austria,2013,9.33199977874756
Austria,2014,9.517000198364258
Austria,2015,9.727999687194824
Austria,2016,9.975000381469728
Austria,2017,9.925000190734863
Austria,2018,9.666000366210938
Austria,2019,9.5649995803833
Azerbaijan,2010,19.878999710083008
Azerbaijan,2011,20.22599983215332
Azerbaijan,2012,20.31800079345703
Azerbaijan,2013,20.097000122070312
Azerbaijan,2014,19.61400032043457
Azerbaijan,2015,18.63800048828125
Azerbaijan,2016,17.238000869750977
Azerbaijan,2017,14.71399974822998
Azerbaijan,2018,14.076000213623049
Azerbaijan,2019,14.366000175476074
Bahamas,2010,14.857999801635742
Bahamas,2011,14.074999809265137
Bahamas,2012,14.11400032043457
Bahamas,2013,12.244000434875488
Bahamas,2014,13.56999969482422
Bahamas,2015,12.812000274658203
Bahamas,2016,12.187999725341797
Bahamas,2017,11.652999877929688
Bahamas,2018,11.565999984741213
Bahamas,2019,11.487000465393066
Bahrain,2010,15.845000267028809
Bahrain,2011,15.758999824523926
Bahrain,2012,15.954999923706056
Bahrain,2013,15.862000465393066
Bahrain,2014,15.95300006866455
Bahrain,2015,15.791000366210938
Bahrain,2016,15.180999755859377
Bahrain,2017,14.505999565124512
Bahrain,2018,13.817999839782717
Bahrain,2019,13.197999954223633
Bangladesh,2010,21.378999710083008
Bangladesh,2011,20.569000244140625
Bangladesh,2012,20.117000579833984
Bangladesh,2013,19.899999618530277
Bangladesh,2014,19.53700065612793
Bangladesh,2015,19.15800094604492
Bangladesh,2016,19.00200080871582
Bangladesh,2017,18.4950008392334
Bangladesh,2018,18.46199989318848
Bangladesh,2019,18.350000381469727
Barbados,2010,12.114999771118164
Barbados,2011,11.845999717712402
Barbados,2012,11.602999687194824
Barbados,2013,11.392000198364258
Barbados,2014,11.220999717712402
Barbados,2015,11.095000267028809
Barbados,2016,11.008999824523926
Barbados,2017,10.95199966430664
Barbados,2018,10.913000106811523
Barbados,2019,10.885000228881836
Belarus,2010,11.52299976348877
Belarus,2011,11.637999534606934
Belarus,2012,12.263999938964844
Belarus,2013,12.543999671936035
Belarus,2014,12.5649995803833
Belarus,2015,12.54699993133545
Belarus,2016,12.213000297546388
Belarus,2017,10.755000114440918
Belarus,2018,9.859999656677246
Belarus,2019,9.644000053405762
Belgium,2010,11.850000381469728
Belgium,2011,11.574999809265137
Belgium,2012,11.437999725341797
Belgium,2013,11.1850004196167
Belgium,2014,11.071000099182127
Belgium,2015,10.810999870300291
Belgium,2016,10.720000267028809
Belgium,2017,10.505000114440918
Belgium,2018,10.336000442504885
Belgium,2019,10.11400032043457
Belize,2010,22.53300094604492
Belize,2011,22.530000686645508
Belize,2012,22.43000030517578
Belize,2013,22.334999084472656
Belize,2014,22.097000122070312
Belize,2015,21.708999633789062
Belize,2016,21.36000061035156
Belize,2017,21.128999710083008
Belize,2018,21.01499938964844
Belize,2019,18.88599967956543
Benin,2010,39.33200073242188
Benin,2011,39.20199966430664
Benin,2012,39.12200164794922
Benin,2013,39.12900161743164
Benin,2014,39.19200134277344
Benin,2015,39.02199935913086
Benin,2016,38.93399810791016
Benin,2017,38.678001403808594
Benin,2018,38.18600082397461
Benin,2019,37.67499923706055
Bermuda,2010,11.880000114440918
Bermuda,2011,10.663999557495115
Bermuda,2012,10.548999786376951
Bermuda,2013,10.598999977111816
Bermuda,2014,9.42199993133545
Bermuda,2015,9.496999740600586
Bermuda,2016,9.435999870300291
Bermuda,2017,9.020000457763672
Bermuda,2018,8.197999954223633
Bermuda,2019,8.116000175476074
Bhutan,2010,19.541000366210938
Bhutan,2011,18.99399948120117
Bhutan,2012,18.541000366210938
Bhutan,2013,18.218000411987305
Bhutan,2014,17.743000030517578
Bhutan,2015,17.152000427246094
Bhutan,2016,16.076000213623047
Bhutan,2017,14.911999702453612
Bhutan,2018,13.788999557495115
Bhutan,2019,12.871000289916992
Bolivia,2010,25.749000549316406
Bolivia,2011,25.33799934387207
Bolivia,2012,24.93400001525879
Bolivia,2013,24.541000366210938
Bolivia,2014,24.13999938964844
Bolivia,2015,23.739999771118164
Bolivia,2016,23.354999542236328
Bolivia,2017,22.98600006103516
Bolivia,2018,22.63400077819824
Bolivia,2019,22.322999954223636
Bonaire Sint Eustatius and Saba,2010,11.151000022888184
Bonaire Sint Eustatius and Saba,2011,10.888999938964844
Bonaire Sint Eustatius and Saba,2012,10.888999938964844
Bonaire Sint Eustatius and Saba,2013,10.982000350952148
Bonaire Sint Eustatius and Saba,2014,11.06700038909912
Bonaire Sint Eustatius and Saba,2015,11.161999702453612
Bonaire Sint Eustatius and Saba,2016,11.194000244140623
Bonaire Sint Eustatius and Saba,2017,11.21500015258789
Bonaire Sint Eustatius and Saba,2018,11.163000106811523
Bonaire Sint Eustatius and Saba,2019,11.067999839782717
Bosnia and Herzegovina,2010,9.491999626159668
Bosnia and Herzegovina,2011,8.878000259399414
Bosnia and Herzegovina,2012,9.211000442504885
Bosnia and Herzegovina,2013,8.949000358581543
Bosnia and Herzegovina,2014,8.767999649047852
Bosnia and Herzegovina,2015,8.842000007629395
Bosnia and Herzegovina,2016,8.95300006866455
Bosnia and Herzegovina,2017,9.020000457763672
Bosnia and Herzegovina,2018,9.06700038909912
Bosnia and Herzegovina,2019,8.819000244140625
Botswana,2010,27.89800071716309
Botswana,2011,27.59600067138672
Botswana,2012,27.40699958801269
Botswana,2013,27.097000122070312
Botswana,2014,26.770999908447266
Botswana,2015,26.40900039672852
Botswana,2016,26.1299991607666
Botswana,2017,25.67200088500977
Botswana,2018,25.327999114990234
Botswana,2019,24.886999130249023
Brazil,2010,15.491999626159668
Brazil,2011,15.309000015258787
Brazil,2012,14.939000129699709
Brazil,2013,14.6899995803833
Brazil,2014,14.753000259399414
Brazil,2015,14.72700023651123
Brazil,2016,14.050999641418455
Brazil,2017,14.159000396728516
Brazil,2018,14.133000373840332
Brazil,2019,13.633000373840332
British Virgin Islands,2010,9.86299991607666
British Virgin Islands,2011,10.241999626159668
British Virgin Islands,2012,9.001999855041504
British Virgin Islands,2013,8.666999816894531
British Virgin Islands,2014,9.642999649047852
British Virgin Islands,2015,9.189000129699709
British Virgin Islands,2016,7.723999977111816
British Virgin Islands,2017,6.8470001220703125
British Virgin Islands,2018,7.113999843597412
British Virgin Islands,2019,7.289999961853027
Brunei,2010,17.128000259399414
Brunei,2011,17.3439998626709
Brunei,2012,17.333999633789062
Brunei,2013,17.202999114990234
Brunei,2014,16.941999435424805
Brunei,2015,16.54599952697754
Brunei,2016,16.054000854492188
Brunei,2017,15.543999671936035
Brunei,2018,15.050000190734863
Brunei,2019,14.585000038146973
Bulgaria,2010,10.32900047302246
Bulgaria,2011,9.767999649047852
Bulgaria,2012,9.5
Bulgaria,2013,9.22599983215332
Bulgaria,2014,9.338000297546388
Bulgaria,2015,9.208999633789062
Bulgaria,2016,9.109999656677246
Bulgaria,2017,9.005000114440918
Bulgaria,2018,8.819999694824219
Bulgaria,2019,8.732999801635742
Burkina Faso,2010,43.20600128173828
Burkina Faso,2011,42.80500030517578
Burkina Faso,2012,42.33599853515625
Burkina Faso,2013,41.709999084472656
Burkina Faso,2014,40.96500015258789
Burkina Faso,2015,40.0880012512207
Burkina Faso,2016,38.97700119018555
Burkina Faso,2017,37.89799880981445
Burkina Faso,2018,37.29399871826172
Burkina Faso,2019,36.68899917602539
Burundi,2010,46.69100189208984
Burundi,2011,45.58300018310547
Burundi,2012,44.41299819946289
Burundi,2013,43.402000427246094
Burundi,2014,42.35599899291992
Burundi,2015,41.32099914550781
Burundi,2016,39.479000091552734
Burundi,2017,38.124000549316406
Burundi,2018,37.01100158691406
Burundi,2019,36.323001861572266
Cambodia,2010,23.66900062561035
Cambodia,2011,23.36899948120117
Cambodia,2012,23.29400062561035
Cambodia,2013,23.03499984741211
Cambodia,2014,22.774999618530277
Cambodia,2015,22.343000411987305
Cambodia,2016,21.86400032043457
Cambodia,2017,21.347999572753903
Cambodia,2018,20.80500030517578
Cambodia,2019,20.280000686645508
Cameroon,2010,39.95800018310547
Cameroon,2011,39.36800003051758
Cameroon,2012,38.7599983215332
Cameroon,2013,38.23699951171875
Cameroon,2014,37.81800079345703
Cameroon,2015,37.80699920654297
Cameroon,2016,37.74700164794922
Cameroon,2017,37.40299987792969
Cameroon,2018,36.71599960327149
Cameroon,2019,36.14699935913086
Canada,2010,11.01200008392334
Canada,2011,10.932000160217283
Canada,2012,10.937999725341797
Canada,2013,10.76099967956543
Canada,2014,10.718000411987305
Canada,2015,10.42099952697754
Canada,2016,10.274999618530272
Canada,2017,10.272000312805176
Canada,2018,10.020999908447266
Canada,2019,9.737000465393066
Cape Verde,2010,21.565000534057617
Cape Verde,2011,21.726999282836918
Cape Verde,2012,20.232999801635746
Cape Verde,2013,19.64900016784668
Cape Verde,2014,19.53899955749512
Cape Verde,2015,19.18099975585937
Cape Verde,2016,19.28899955749512
Cape Verde,2017,19.006000518798828
Cape Verde,2018,17.820999145507812
Cape Verde,2019,17.46299934387207
Cayman Islands,2010,15.76099967956543
Cayman Islands,2011,14.70699977874756
Cayman Islands,2012,13.769000053405762
Cayman Islands,2013,12.305999755859377
Cayman Islands,2014,12.017000198364258
Cayman Islands,2015,10.34000015258789
Cayman Islands,2016,10.243000030517578
Cayman Islands,2017,9.482999801635742
Cayman Islands,2018,9.723999977111816
Cayman Islands,2019,10.10200023651123
Central African Republic,2010,43.23699951171875
Central African Republic,2011,43.22299957275391
Central African Republic,2012,43.00600051879883
Central African Republic,2013,42.41400146484375
Central African Republic,2014,41.92100143432617
Central African Republic,2015,41.04399871826172
Central African Republic,2016,41.20899963378906
Central African Republic,2017,41.60200119018555
Central African Republic,2018,41.83100128173828
Central African Republic,2019,41.91999816894531
Chad,2010,48.76399993896485
Chad,2011,48.35699844360352
Chad,2012,48.01900100708008
Chad,2013,47.459999084472656
Chad,2014,46.99800109863281
Chad,2015,46.367000579833984
Chad,2016,45.45600128173828
Chad,2017,44.81100082397461
Chad,2018,44.369998931884766
Chad,2019,44.229000091552734
Chile,2010,14.32699966430664
Chile,2011,14.109000205993652
Chile,2012,13.857000350952148
Chile,2013,13.696999549865724
Chile,2014,13.545000076293944
Chile,2015,13.211000442504885
Chile,2016,12.699999809265137
Chile,2017,12.130000114440918
Chile,2018,11.9399995803833
Chile,2019,11.854999542236328
China,2010,13.30799961090088
China,2011,13.13599967956543
China,2012,14.06999969482422
China,2013,13.269000053405762
China,2014,13.505999565124512
China,2015,12.522000312805176
China,2016,13.038000106811523
China,2017,13.0649995803833
China,2018,10.947999954223633
China,2019,10.29300022125244
Colombia,2010,16.909000396728516
Colombia,2011,16.608999252319336
Colombia,2012,16.3439998626709
Colombia,2013,16.08799934387207
Colombia,2014,15.833999633789062
Colombia,2015,15.585000038146973
Colombia,2016,15.352999687194824
Colombia,2017,15.081000328063965
Colombia,2018,14.840999603271484
Colombia,2019,14.682000160217283
Comoros,2010,33.92399978637695
Comoros,2011,33.840999603271484
Comoros,2012,33.40800094604492
Comoros,2013,32.99599838256836
Comoros,2014,32.59400177001953
Comoros,2015,32.14699935913086
Comoros,2016,31.756000518798828
Comoros,2017,31.32999992370605
Comoros,2018,30.858999252319336
Comoros,2019,30.399999618530277
Congo,2010,38.858001708984375
Congo,2011,38.23199844360352
Congo,2012,37.507999420166016
Congo,2013,36.49800109863281
Congo,2014,35.527000427246094
Congo,2015,34.64799880981445
Congo,2016,33.70600128173828
Congo,2017,33.025001525878906
Congo,2018,32.33700180053711
Congo,2019,31.676000595092773
Cook Islands,2010,19.16200065612793
Cook Islands,2011,19.006999969482425
Cook Islands,2012,18.61400032043457
Cook Islands,2013,18.198999404907227
Cook Islands,2014,17.79400062561035
Cook Islands,2015,17.48900032043457
Cook Islands,2016,17.2450008392334
Cook Islands,2017,16.986000061035156
Cook Islands,2018,16.71500015258789
Cook Islands,2019,16.516000747680664
Costa Rica,2010,16.040000915527344
Costa Rica,2011,15.772000312805176
Costa Rica,2012,15.482999801635742
Costa Rica,2013,15.093000411987305
Costa Rica,2014,14.85200023651123
Costa Rica,2015,14.522000312805176
Costa Rica,2016,14.145000457763672
Costa Rica,2017,13.925999641418455
Costa Rica,2018,13.562000274658203
Costa Rica,2019,12.847000122070312
Cote d'Ivoire,2010,38.81499862670898
Cote d'Ivoire,2011,38.435001373291016
Cote d'Ivoire,2012,37.742000579833984
Cote d'Ivoire,2013,37.137001037597656
Cote d'Ivoire,2014,36.59999847412109
Cote d'Ivoire,2015,36.28200149536133
Cote d'Ivoire,2016,35.95899963378906
Cote d'Ivoire,2017,35.862998962402344
Cote d'Ivoire,2018,35.00699996948242
Cote d'Ivoire,2019,34.55400085449219
Croatia,2010,10.201000213623049
Croatia,2011,9.743000030517578
Croatia,2012,9.80500030517578
Croatia,2013,9.42300033569336
Croatia,2014,9.288999557495115
Croatia,2015,8.875
Croatia,2016,8.904999732971191
Croatia,2017,8.817999839782715
Croatia,2018,8.979999542236328
Croatia,2019,8.87399959564209
Cuba,2010,11.416999816894531
Cuba,2011,11.760000228881836
Cuba,2012,11.190999984741213
Cuba,2013,11.121999740600586
Cuba,2014,10.859999656677246
Cuba,2015,10.972000122070312
Cuba,2016,10.35099983215332
Cuba,2017,10.182000160217283
Cuba,2018,10.347999572753906
Cuba,2019,9.751999855041504
Curacao,2010,13.90999984741211
Curacao,2011,13.178999900817873
Curacao,2012,13.734000205993652
Curacao,2013,13.1899995803833
Curacao,2014,12.59000015258789
Curacao,2015,11.968000411987305
Curacao,2016,10.77299976348877
Curacao,2017,9.706000328063965
Curacao,2018,10.520999908447266
Curacao,2019,11.637999534606934
Cyprus,2010,12.045000076293944
Cyprus,2011,11.506999969482422
Cyprus,2012,11.76200008392334
Cyprus,2013,11.088000297546388
Cyprus,2014,11.163000106811523
Cyprus,2015,11.208000183105469
Cyprus,2016,11.418999671936035
Cyprus,2017,10.994000434875488
Cyprus,2018,10.843000411987305
Cyprus,2019,10.793999671936035
Czechia,2010,11.145000457763672
Czechia,2011,10.395999908447266
Czechia,2012,10.317999839782717
Czechia,2013,10.166999816894531
Czechia,2014,10.413000106811523
Czechia,2015,10.467000007629396
Czechia,2016,10.595000267028809
Czechia,2017,10.699999809265137
Czechia,2018,10.62399959564209
Czechia,2019,10.416999816894531
Democratic Republic of Congo,2010,44.5260009765625
Democratic Republic of Congo,2011,44.70100021362305
Democratic Republic of Congo,2012,44.64599990844727
Democratic Republic of Congo,2013,44.229000091552734
Democratic Republic of Congo,2014,43.992000579833984
Democratic Republic of Congo,2015,43.64099884033203
Democratic Republic of Congo,2016,43.4109992980957
Democratic Republic of Congo,2017,43.2509994506836
Democratic Republic of Congo,2018,42.98899841308594
Democratic Republic of Congo,2019,42.65599822998047
Denmark,2010,11.33199977874756
Denmark,2011,10.585000038146973
Denmark,2012,10.314000129699709
Denmark,2013,9.901000022888184
Denmark,2014,10.04599952697754
Denmark,2015,10.211999893188477
Denmark,2016,10.637999534606934
Denmark,2017,10.534000396728516
Denmark,2018,10.508999824523926
Denmark,2019,10.45199966430664
Djibouti,2010,26.118000030517575
Djibouti,2011,25.520999908447266
Djibouti,2012,25.059999465942383
Djibouti,2013,24.65999984741211
Djibouti,2014,24.207000732421875
Djibouti,2015,23.888999938964844
Djibouti,2016,23.516000747680664
Djibouti,2017,23.275999069213867
Djibouti,2018,22.98200035095215
Djibouti,2019,22.74799919128418
Dominica,2010,14.008999824523926
Dominica,2011,13.678999900817873
Dominica,2012,13.515999794006348
Dominica,2013,13.369000434875488
Dominica,2014,13.092000007629396
Dominica,2015,13.446999549865724
Dominica,2016,13.166999816894531
Dominica,2017,13.130000114440918
Dominica,2018,13.190999984741213
Dominica,2019,13.272000312805176
Dominican Republic,2010,22.038000106811523
Dominican Republic,2011,21.79199981689453
Dominican Republic,2012,21.45400047302246
Dominican Republic,2013,21.166000366210938
Dominican Republic,2014,20.867000579833984
Dominican Republic,2015,20.59600067138672
Dominican Republic,2016,20.257999420166016
Dominican Republic,2017,19.993000030517575
Dominican Republic,2018,19.761999130249023
Dominican Republic,2019,19.291000366210938
Ecuador,2010,21.892000198364254
Ecuador,2011,21.70199966430664
Ecuador,2012,21.003999710083008
Ecuador,2013,20.100000381469727
Ecuador,2014,19.339000701904297
Ecuador,2015,18.739999771118164
Ecuador,2016,18.224000930786133
Ecuador,2017,17.996000289916992
Ecuador,2018,17.658000946044922
Ecuador,2019,17.33799934387207
Egypt,2010,27.15999984741211
Egypt,2011,27.378999710083008
Egypt,2012,27.97800064086914
Egypt,2013,28.45499992370605
Egypt,2014,28.416000366210938
Egypt,2015,28.077999114990234
Egypt,2016,25.913000106811523
Egypt,2017,25.231000900268555
Egypt,2018,24.562000274658203
Egypt,2019,23.56800079345703
El Salvador,2010,19.42799949645996
El Salvador,2011,19.371999740600582
El Salvador,2012,19.150999069213867
El Salvador,2013,18.9689998626709
El Salvador,2014,18.80900001525879
El Salvador,2015,18.4060001373291
El Salvador,2016,17.56599998474121
El Salvador,2017,16.974000930786133
El Salvador,2018,16.535999298095703
El Salvador,2019,16.416000366210938
Equatorial Guinea,2010,38.67399978637695
Equatorial Guinea,2011,38.060001373291016
Equatorial Guinea,2012,37.45800018310547
Equatorial Guinea,2013,36.803001403808594
Equatorial Guinea,2014,36.047000885009766
Equatorial Guinea,2015,35.229000091552734
Equatorial Guinea,2016,34.391998291015625
Equatorial Guinea,2017,33.50699996948242
Equatorial Guinea,2018,32.66699981689453
Equatorial Guinea,2019,31.874000549316406
Eritrea,2010,33.69200134277344
Eritrea,2011,33.11399841308594
Eritrea,2012,32.42399978637695
Eritrea,2013,31.7189998626709
Eritrea,2014,31.214000701904297
Eritrea,2015,30.41699981689453
Eritrea,2016,29.90999984741211
Eritrea,2017,29.42099952697754
Eritrea,2018,29.104999542236328
Eritrea,2019,28.94099998474121
Estonia,2010,11.85200023651123
Estonia,2011,11.104000091552734
Estonia,2012,10.647000312805176
Estonia,2013,10.303999900817873
Estonia,2014,10.324000358581545
Estonia,2015,10.505000114440918
Estonia,2016,10.661999702453612
Estonia,2017,10.505999565124512
Estonia,2018,10.831000328063965
Estonia,2019,10.690999984741213
Eswatini,2010,30.08300018310547
Eswatini,2011,29.665000915527344
Eswatini,2012,29.29400062561035
Eswatini,2013,29.018999099731445
Eswatini,2014,28.42300033569336
Eswatini,2015,27.73699951171875
Eswatini,2016,27.104999542236328
Eswatini,2017,26.40800094604492
Eswatini,2018,25.718000411987305
Eswatini,2019,25.118000030517575
Ethiopia,2010,36.52799987792969
Ethiopia,2011,35.84600067138672
Ethiopia,2012,34.845001220703125
Ethiopia,2013,33.9379997253418
Ethiopia,2014,33.55400085449219
Ethiopia,2015,33.428001403808594
Ethiopia,2016,33.314998626708984
Ethiopia,2017,33.05899810791016
Ethiopia,2018,32.99599838256836
Ethiopia,2019,33.12300109863281
Europe,2010,11.18299961090088
Europe,2011,11.03499984741211
Europe,2012,11.07699966430664
Europe,2013,10.871999740600586
Europe,2014,10.892999649047852
Europe,2015,10.79599952697754
Europe,2016,10.706000328063965
Europe,2017,10.244000434875488
Europe,2018,9.906000137329102
Europe,2019,9.538000106811523
Faeroe Islands,2010,13.217000007629396
Faeroe Islands,2011,12.324000358581545
Faeroe Islands,2012,13.472000122070312
Faeroe Islands,2013,13.262999534606934
Faeroe Islands,2014,13.154999732971191
Faeroe Islands,2015,12.237000465393066
Faeroe Islands,2016,13.729999542236328
Faeroe Islands,2017,14.562000274658203
Faeroe Islands,2018,13.508000373840332
Faeroe Islands,2019,15.19200038909912
Falkland Islands,2010,11.315999984741213
Falkland Islands,2011,11.270000457763672
Falkland Islands,2012,11.3100004196167
Falkland Islands,2013,11.413000106811523
Falkland Islands,2014,11.508999824523926
Falkland Islands,2015,11.548999786376951
Falkland Islands,2016,11.583999633789062
Falkland Islands,2017,11.692999839782717
Falkland Islands,2018,11.609000205993652
Falkland Islands,2019,11.50100040435791
Fiji,2010,22.66399955749512
Fiji,2011,22.125999450683597
Fiji,2012,21.924999237060547
Fiji,2013,21.834999084472656
Fiji,2014,21.683000564575195
Fiji,2015,21.450000762939453
Fiji,2016,21.049999237060547
Fiji,2017,20.549999237060547
Fiji,2018,20.187000274658203
Fiji,2019,19.96199989318848
Finland,2010,11.321000099182127
Finland,2011,11.121000289916992
Finland,2012,10.984000205993652
Finland,2013,10.678000450134276
Finland,2014,10.447999954223633
Finland,2015,10.102999687194824
Finland,2016,9.60200023651123
Finland,2017,9.121000289916992
Finland,2018,8.628999710083008
Finland,2019,8.305999755859375
France,2010,12.78499984741211
France,2011,12.550000190734863
France,2012,12.432000160217283
France,2013,12.241000175476074
France,2014,12.170000076293944
France,2015,11.795000076293944
France,2016,11.50100040435791
France,2017,11.241999626159668
France,2018,11.053000450134276
France,2019,10.890999794006348
French Guiana,2010,27.09499931335449
French Guiana,2011,26.617000579833984
French Guiana,2012,26.225000381469727
French Guiana,2013,25.88999938964844
French Guiana,2014,25.804000854492188
French Guiana,2015,25.858999252319336
French Guiana,2016,26.06999969482422
French Guiana,2017,26.30599975585937
French Guiana,2018,26.24099922180176
French Guiana,2019,26.02199935913086
French Polynesia,2010,17.3799991607666
French Polynesia,2011,16.604999542236328
French Polynesia,2012,16.231000900268555
French Polynesia,2013,15.576000213623049
French Polynesia,2014,15.579999923706056
French Polynesia,2015,15.036999702453612
French Polynesia,2016,14.508000373840332
French Polynesia,2017,14.015000343322754
French Polynesia,2018,13.777000427246094
French Polynesia,2019,13.088000297546388
Gabon,2010,33.176998138427734
Gabon,2011,33.222999572753906
Gabon,2012,32.71799850463867
Gabon,2013,32.18199920654297
Gabon,2014,31.621999740600582
Gabon,2015,31.035999298095703
Gabon,2016,30.36199951171875
Gabon,2017,29.71299934387207
Gabon,2018,29.003999710083008
Gabon,2019,28.35400009155273
Gambia,2010,41.08399963378906
Gambia,2011,40.68999862670898
Gambia,2012,40.13600158691406
Gambia,2013,39.39799880981445
Gambia,2014,38.48600006103516
Gambia,2015,37.57600021362305
Gambia,2016,36.59000015258789
Gambia,2017,35.74300003051758
Gambia,2018,34.92399978637695
Gambia,2019,34.28099822998047
Georgia,2010,15.109000205993652
Georgia,2011,14.937000274658203
Georgia,2012,14.842000007629396
Georgia,2013,15.10200023651123
Georgia,2014,15.44200038909912
Georgia,2015,15.789999961853027
Georgia,2016,15.470999717712402
Georgia,2017,14.855999946594238
Georgia,2018,14.395000457763672
Georgia,2019,13.451000213623049
Germany,2010,8.319000244140625
Germany,2011,8.282999992370605
Germany,2012,8.41100025177002
Germany,2013,8.484000205993652
Germany,2014,8.817000389099121
Germany,2015,9.036999702453612
Germany,2016,9.552000045776367
Germany,2017,9.506999969482422
Germany,2018,9.42300033569336
Germany,2019,9.303999900817873
Ghana,2010,33.00400161743164
Ghana,2011,32.957000732421875
Ghana,2012,32.8849983215332
Ghana,2013,32.53499984741211
Ghana,2014,31.833999633789062
Ghana,2015,31.71299934387207
Ghana,2016,30.527000427246094
Ghana,2017,28.97800064086914
Ghana,2018,29.024999618530277
Ghana,2019,28.57200050354004
Gibraltar,2010,11.958999633789062
Gibraltar,2011,12.095999717712402
Gibraltar,2012,12.140000343322754
Gibraltar,2013,11.730999946594238
Gibraltar,2014,12.706000328063965
Gibraltar,2015,13.604000091552734
Gibraltar,2016,11.916000366210938
Gibraltar,2017,11.482000350952148
Gibraltar,2018,11.241999626159668
Gibraltar,2019,11.015000343322754
Greece,2010,10.039999961853027
Greece,2011,9.484000205993652
Greece,2012,8.993000030517578
Greece,2013,8.531999588012695
Greece,2014,8.32800006866455
Greece,2015,8.260000228881836
Greece,2016,8.251999855041504
Greece,2017,8.024999618530273
Greece,2018,7.843999862670898
Greece,2019,7.666999816894531
Greenland,2010,15.031999588012695
Greenland,2011,14.48799991607666
Greenland,2012,14.163999557495115
Greenland,2013,14.32800006866455
Greenland,2014,14.501999855041504
Greenland,2015,14.91100025177002
Greenland,2016,14.979000091552734
Greenland,2017,15.036999702453612
Greenland,2018,14.897000312805176
Greenland,2019,14.755999565124512
Grenada,2010,17.927000045776367
Grenada,2011,17.917999267578125
Grenada,2012,17.89699935913086
Grenada,2013,17.836000442504883
Grenada,2014,17.743000030517578
Grenada,2015,17.604999542236328
Grenada,2016,17.41900062561035
Grenada,2017,17.19099998474121
Grenada,2018,16.920000076293945
Grenada,2019,16.617000579833984
Guadeloupe,2010,13.873000144958496
Guadeloupe,2011,13.708000183105469
Guadeloupe,2012,13.496000289916992
Guadeloupe,2013,13.213000297546388
Guadeloupe,2014,12.826000213623049
Guadeloupe,2015,12.37399959564209
Guadeloupe,2016,11.916999816894531
Guadeloupe,2017,11.407999992370604
Guadeloupe,2018,11.199999809265137
Guadeloupe,2019,11.163000106811523
Guam,2010,21.16900062561035
Guam,2011,20.08799934387207
Guam,2012,21.42200088500977
Guam,2013,19.4689998626709
Guam,2014,19.614999771118164
Guam,2015,19.149999618530277
Guam,2016,19.12299919128418
Guam,2017,17.996999740600586
Guam,2018,17.020000457763672
Guam,2019,16.624000549316406
Guatemala,2010,27.524999618530277
Guatemala,2011,27.197999954223636
Guatemala,2012,26.90999984741211
Guatemala,2013,26.336000442504883
Guatemala,2014,26.07699966430664
Guatemala,2015,25.833999633789062
Guatemala,2016,25.541000366210938
Guatemala,2017,24.791000366210938
Guatemala,2018,23.929000854492188
Guatemala,2019,22.857999801635746
Guernsey,2010,9.9399995803833
Guernsey,2011,9.822999954223633
Guernsey,2012,9.741000175476074
Guernsey,2013,9.635000228881836
Guernsey,2014,9.513999938964844
Guernsey,2015,9.402000427246094
Guernsey,2016,9.269000053405762
Guernsey,2017,8.986000061035156
Guernsey,2018,9.022000312805176
Guernsey,2019,9.220999717712402
Guinea,2010,39.36899948120117
Guinea,2011,38.902000427246094
Guinea,2012,38.43999862670898
Guinea,2013,38.13399887084961
Guinea,2014,37.89099884033203
Guinea,2015,37.89099884033203
Guinea,2016,37.39599990844727
Guinea,2017,36.625
Guinea,2018,35.930999755859375
Guinea,2019,35.43600082397461
Guinea-Bissau,2010,38.42699813842773
Guinea-Bissau,2011,38.303001403808594
Guinea-Bissau,2012,37.94499969482422
Guinea-Bissau,2013,37.459999084472656
Guinea-Bissau,2014,36.47200012207031
Guinea-Bissau,2015,35.51900100708008
Guinea-Bissau,2016,34.50199890136719
Guinea-Bissau,2017,33.28499984741211
Guinea-Bissau,2018,32.65700149536133
Guinea-Bissau,2019,32.09299850463867
Guyana,2010,21.70499992370605
Guyana,2011,21.621000289916992
Guyana,2012,21.54400062561035
Guyana,2013,21.50200080871582
Guyana,2014,21.42300033569336
Guyana,2015,21.309999465942383
Guyana,2016,21.138999938964844
Guyana,2017,20.95800018310547
Guyana,2018,20.770000457763672
Guyana,2019,20.827999114990234
Haiti,2010,27.527000427246094
Haiti,2011,27.202999114990234
Haiti,2012,26.59499931335449
Haiti,2013,26.09000015258789
Haiti,2014,25.770999908447266
Haiti,2015,25.51000022888184
Haiti,2016,25.253999710083008
Haiti,2017,24.979999542236328
Haiti,2018,24.57900047302246
Haiti,2019,24.304000854492188
High-income countries,2010,11.600000381469728
High-income countries,2011,11.406000137329102
High-income countries,2012,11.329999923706056
High-income countries,2013,11.104999542236328
High-income countries,2014,11.069000244140623
High-income countries,2015,10.965999603271484
High-income countries,2016,10.82800006866455
High-income countries,2017,10.53600025177002
High-income countries,2018,10.272000312805176
High-income countries,2019,10.03499984741211
Honduras,2010,25.392000198364254
Honduras,2011,24.71699905395508
Honduras,2012,24.11100006103516
Honduras,2013,23.569000244140625
Honduras,2014,23.12299919128418
Honduras,2015,22.750999450683597
Honduras,2016,22.440000534057617
Honduras,2017,22.15999984741211
Honduras,2018,21.895000457763672
Honduras,2019,21.62800025939941
Hong Kong,2010,9.663999557495115
Hong Kong,2011,9.869000434875488
Hong Kong,2012,10.562000274658203
Hong Kong,2013,11.086999893188477
Hong Kong,2014,10.454999923706056
Hong Kong,2015,10.64900016784668
Hong Kong,2016,10.45199966430664
Hong Kong,2017,9.597000122070312
Hong Kong,2018,8.923999786376953
Hong Kong,2019,8.347999572753906
Hungary,2010,9.067999839782717
Hungary,2011,8.892000198364258
Hungary,2012,9.0649995803833
Hungary,2013,9.074999809265137
Hungary,2014,9.411999702453612
Hungary,2015,9.366999626159668
Hungary,2016,9.68299961090088
Hungary,2017,9.633000373840332
Hungary,2018,9.539999961853027
Hungary,2019,9.470000267028809
Iceland,2010,15.409000396728516
Iceland,2011,14.16100025177002
Iceland,2012,14.128000259399414
Iceland,2013,13.383000373840332
Iceland,2014,13.3100004196167
Iceland,2015,12.489999771118164
Iceland,2016,12.027000427246094
Iceland,2017,11.78600025177002
Iceland,2018,11.928999900817873
Iceland,2019,12.288000106811523
India,2010,21.4379997253418
India,2011,20.94499969482422
India,2012,20.42099952697754
India,2013,19.934999465942383
India,2014,19.048999786376957
India,2015,18.76499938964844
India,2016,18.513999938964844
India,2017,17.910999298095703
India,2018,17.650999069213867
India,2019,17.048999786376953
Indonesia,2010,20.15800094604492
Indonesia,2011,20.34499931335449
Indonesia,2012,20.093000411987305
Indonesia,2013,19.41699981689453
Indonesia,2014,18.95400047302246
Indonesia,2015,18.447999954223636
Indonesia,2016,18.017000198364254
Indonesia,2017,17.518999099731445
Indonesia,2018,17.179000854492188
Indonesia,2019,16.90999984741211
Iran,2010,17.7549991607666
Iran,2011,18.16399955749512
Iran,2012,18.926000595092773
Iran,2013,19.44499969482422
Iran,2014,19.823999404907227
Iran,2015,19.42799949645996
Iran,2016,19.017000198364254
Iran,2017,18.607999801635746
Iran,2018,17.231000900268555
Iran,2019,15.118000030517578
Iraq,2010,34.29100036621094
Iraq,2011,35.09000015258789
Iraq,2012,34.60300064086914
Iraq,2013,33.82600021362305
Iraq,2014,33.08300018310547
Iraq,2015,31.593000411987305
Iraq,2016,30.170000076293945
Iraq,2017,28.92300033569336
Iraq,2018,28.429000854492188
Iraq,2019,28.077999114990234
Ireland,2010,16.594999313354492
Ireland,2011,16.19499969482422
Ireland,2012,15.64900016784668
Ireland,2013,15.017999649047852
Ireland,2014,14.505000114440918
Ireland,2015,13.958000183105469
Ireland,2016,13.40999984741211
Ireland,2017,12.890000343322754
Ireland,2018,12.840999603271484
Ireland,2019,12.38700008392334
Isle of Man,2010,12.826000213623049
Isle of Man,2011,11.45199966430664
Isle of Man,2012,10.907999992370604
Isle of Man,2013,10.602999687194824
Isle of Man,2014,9.831000328063965
Isle of Man,2015,9.586000442504885
Isle of Man,2016,9.359000205993652
Isle of Man,2017,9.25
Isle of Man,2018,8.9399995803833
Isle of Man,2019,8.887999534606934
Israel,2010,22.01000022888184
Israel,2011,21.70199966430664
Israel,2012,21.79800033569336
Israel,2013,21.476999282836918
Israel,2014,21.618000030517575
Israel,2015,22.520999908447266
Israel,2016,22.479999542236328
Israel,2017,21.14800071716309
Israel,2018,20.801000595092773
Israel,2019,21.43400001525879
Italy,2010,9.4350004196167
Italy,2011,9.152999877929688
Italy,2012,8.892000198364258
Italy,2013,8.484999656677246
Italy,2014,8.211000442504883
Italy,2015,7.947999954223633
Italy,2016,7.751999855041504
Italy,2017,7.519000053405762
Italy,2018,7.22100019454956
Italy,2019,7.001999855041504
Jamaica,2010,15.32900047302246
Jamaica,2011,15.263999938964844
Jamaica,2012,15.036999702453612
Jamaica,2013,14.539999961853027
Jamaica,2014,13.960000038146973
Jamaica,2015,14.123000144958496
Jamaica,2016,13.470000267028809
Jamaica,2017,12.748000144958496
Jamaica,2018,12.220000267028809
Jamaica,2019,11.994000434875488
Japan,2010,8.555000305175781
Japan,2011,8.38599967956543
Japan,2012,8.321999549865723
Japan,2013,8.267000198364258
Japan,2014,8.067999839782715
Japan,2015,8.027000427246094
Japan,2016,7.808000087738037
Japan,2017,7.247000217437744
Japan,2018,7.015999794006348
Japan,2019,6.663000106811523
Jersey,2010,11.937000274658203
Jersey,2011,11.75100040435791
Jersey,2012,11.37600040435791
Jersey,2013,11.050999641418455
Jersey,2014,10.812999725341797
Jersey,2015,10.545000076293944
Jersey,2016,10.418999671936035
Jersey,2017,10.23799991607666
Jersey,2018,10.154999732971191
Jersey,2019,10.26099967956543
Jordan,2010,28.604999542236328
Jordan,2011,27.84000015258789
Jordan,2012,27.01799964904785
Jordan,2013,26.207000732421875
Jordan,2014,25.39800071716309
Jordan,2015,24.44099998474121
Jordan,2016,23.70800018310547
Jordan,2017,23.37700080871582
Jordan,2018,22.999000549316406
Jordan,2019,22.600000381469727
Kazakhstan,2010,22.229999542236328
Kazakhstan,2011,22.20499992370605
Kazakhstan,2012,22.3700008392334
Kazakhstan,2013,22.34600067138672
Kazakhstan,2014,22.753999710083008
Kazakhstan,2015,22.42200088500977
Kazakhstan,2016,22.24399948120117
Kazakhstan,2017,21.36000061035156
Kazakhstan,2018,21.625999450683597
Kazakhstan,2019,21.52300071716309
Kenya,2010,35.422000885009766
Kenya,2011,34.2400016784668
Kenya,2012,33.17399978637695
Kenya,2013,32.12699890136719
Kenya,2014,31.29800033569336
Kenya,2015,30.957000732421875
Kenya,2016,30.400999069213867
Kenya,2017,29.7549991607666
Kenya,2018,29.18000030517578
Kenya,2019,28.459999084472656
Kiribati,2010,30.78300094604492
Kiribati,2011,30.9950008392334
Kiribati,2012,30.54400062561035
Kiribati,2013,30.075000762939453
Kiribati,2014,29.54700088500977
Kiribati,2015,29.1879997253418
Kiribati,2016,28.86000061035156
Kiribati,2017,28.61599922180176
Kiribati,2018,28.459999084472656
Kiribati,2019,28.06399917602539
Kosovo,2010,19.854999542236328
Kosovo,2011,16.312000274658203
Kosovo,2012,16.39900016784668
Kosovo,2013,17.06100082397461
Kosovo,2014,14.949999809265137
Kosovo,2015,13.61400032043457
Kosovo,2016,12.847999572753906
Kosovo,2017,12.614999771118164
Kosovo,2018,12.093999862670898
Kosovo,2019,11.442999839782717
Kuwait,2010,21.202999114990234
Kuwait,2011,20.948999404907227
Kuwait,2012,20.035999298095703
Kuwait,2013,19.11899948120117
Kuwait,2014,18.233999252319336
Kuwait,2015,16.892000198364258
Kuwait,2016,14.800000190734863
Kuwait,2017,14.38599967956543
Kuwait,2018,13.442999839782717
Kuwait,2019,12.437000274658203
Kyrgyzstan,2010,27.72100067138672
Kyrgyzstan,2011,28.584999084472656
Kyrgyzstan,2012,28.850000381469727
Kyrgyzstan,2013,28.795000076293945
Kyrgyzstan,2014,28.7549991607666
Kyrgyzstan,2015,28.336000442504883
Kyrgyzstan,2016,27.4689998626709
Kyrgyzstan,2017,26.910999298095703
Kyrgyzstan,2018,27.194000244140625
Kyrgyzstan,2019,26.327999114990234
Land-locked Developing Countries (LLDC),2010,35.02199935913086
Land-locked Developing Countries (LLDC),2011,34.66899871826172
Land-locked Developing Countries (LLDC),2012,34.30799865722656
Land-locked Developing Countries (LLDC),2013,33.9119987487793
Land-locked Developing Countries (LLDC),2014,33.60900115966797
Land-locked Developing Countries (LLDC),2015,33.23199844360352
Land-locked Developing Countries (LLDC),2016,32.77199935913086
Land-locked Developing Countries (LLDC),2017,32.26599884033203
Land-locked Developing Countries (LLDC),2018,32.077999114990234
Land-locked Developing Countries (LLDC),2019,31.899999618530277
Laos,2010,27.04199981689453
Laos,2011,26.46699905395508
Laos,2012,25.81100082397461
Laos,2013,25.2450008392334
Laos,2014,24.697999954223636
Laos,2015,24.44499969482422
Laos,2016,24.131000518798828
Laos,2017,23.71500015258789
Laos,2018,23.238000869750977
Laos,2019,22.785999298095703
Latin America and the Caribbean,2010,18.37700080871582
Latin America and the Caribbean,2011,18.17099952697754
Latin America and the Caribbean,2012,17.847999572753906
Latin America and the Caribbean,2013,17.559999465942383
Latin America and the Caribbean,2014,17.33300018310547
Latin America and the Caribbean,2015,17.05699920654297
Latin America and the Caribbean,2016,16.55500030517578
Latin America and the Caribbean,2017,16.31599998474121
Latin America and the Caribbean,2018,16.000999450683594
Latin America and the Caribbean,2019,15.515999794006348
Latvia,2010,9.531999588012695
Latvia,2011,9.276000022888184
Latvia,2012,9.845000267028809
Latvia,2013,10.31999969482422
Latvia,2014,10.944000244140623
Latvia,2015,11.128000259399414
Latvia,2016,11.145999908447266
Latvia,2017,10.657999992370604
Latvia,2018,10.019000053405762
Latvia,2019,9.732999801635742
Least developed countries,2010,34.862998962402344
Least developed countries,2011,34.426998138427734
Least developed countries,2012,34.01499938964844
Least developed countries,2013,33.68600082397461
Least developed countries,2014,33.36800003051758
Least developed countries,2015,33.0629997253418
Least developed countries,2016,32.766998291015625
Least developed countries,2017,32.40900039672852
Least developed countries,2018,32.15399932861328
Least developed countries,2019,31.93000030517578
Lebanon,2010,17.565000534057617
Lebanon,2011,17.865999221801758
Lebanon,2012,17.89900016784668
Lebanon,2013,17.871999740600586
Lebanon,2014,17.889999389648438
Lebanon,2015,17.763999938964844
Lebanon,2016,17.395000457763672
Lebanon,2017,16.90399932861328
Lebanon,2018,16.31100082397461
Lebanon,2019,15.821999549865724
Lesotho,2010,28.476999282836918
Lesotho,2011,29.093000411987305
Lesotho,2012,29.054000854492188
Lesotho,2013,29.190000534057617
Lesotho,2014,28.663000106811523
Lesotho,2015,28.30500030517578
Lesotho,2016,28.15699958801269
Lesotho,2017,27.722999572753903
Lesotho,2018,27.261999130249023
Lesotho,2019,26.839000701904297
Less developed regions,2010,22.176000595092773
Less developed regions,2011,21.975000381469727
Less developed regions,2012,22.00200080871582
Less developed regions,2013,21.59600067138672
Less developed regions,2014,21.332000732421875
Less developed regions,2015,20.88400077819824
Less developed regions,2016,20.726999282836918
Less developed regions,2017,20.43899917602539
Less developed regions,2018,19.77199935913086
Less developed regions,2019,19.339000701904297
"Less developed regions, excluding China",2010,25.00900077819824
"Less developed regions, excluding China",2011,24.76300048828125
"Less developed regions, excluding China",2012,24.48600006103516
"Less developed regions, excluding China",2013,24.170000076293945
"Less developed regions, excluding China",2014,23.73200035095215
"Less developed regions, excluding China",2015,23.415000915527344
"Less developed regions, excluding China",2016,23.038000106811523
"Less developed regions, excluding China",2017,22.638999938964844
"Less developed regions, excluding China",2018,22.36199951171875
"Less developed regions, excluding China",2019,21.96199989318848
"Less developed regions, excluding least developed countries",2010,19.992000579833984
"Less developed regions, excluding least developed countries",2011,19.808000564575195
"Less developed regions, excluding least developed countries",2012,19.886999130249023
"Less developed regions, excluding least developed countries",2013,19.441999435424805
"Less developed regions, excluding least developed countries",2014,19.160999298095703
"Less developed regions, excluding least developed countries",2015,18.65999984741211
"Less developed regions, excluding least developed countries",2016,18.5
"Less developed regions, excluding least developed countries",2017,18.19499969482422
"Less developed regions, excluding least developed countries",2018,17.420000076293945
"Less developed regions, excluding least developed countries",2019,16.91200065612793
Liberia,2010,38.07400131225586
Liberia,2011,37.39500045776367
Liberia,2012,37.30699920654297
Liberia,2013,36.13800048828125
Liberia,2014,35.07500076293945
Liberia,2015,34.21500015258789
Liberia,2016,33.7130012512207
Liberia,2017,33.1510009765625
Liberia,2018,32.70600128173828
Liberia,2019,32.180999755859375
Libya,2010,23.562000274658203
Libya,2011,23.88500022888184
Libya,2012,21.952999114990234
Libya,2013,21.88599967956543
Libya,2014,21.90800094604492
Libya,2015,21.214000701904297
Libya,2016,20.576000213623047
Libya,2017,19.89800071716309
Libya,2018,19.28199958801269
Libya,2019,18.73200035095215
Liechtenstein,2010,9.340999603271484
Liechtenstein,2011,10.642000198364258
Liechtenstein,2012,9.609000205993652
Liechtenstein,2013,9.17099952697754
Liechtenstein,2014,9.767999649047852
Liechtenstein,2015,8.795000076293945
Liechtenstein,2016,9.734000205993652
Liechtenstein,2017,8.963000297546387
Liechtenstein,2018,9.649999618530272
Liechtenstein,2019,9.15999984741211
Lithuania,2010,9.979999542236328
Lithuania,2011,10.187000274658203
Lithuania,2012,10.390999794006348
Lithuania,2013,10.27299976348877
Lithuania,2014,10.434000015258787
Lithuania,2015,10.767000198364258
Lithuania,2016,10.595999717712402
Lithuania,2017,10.164999961853027
Lithuania,2018,10.06700038909912
Lithuania,2019,9.83199977874756
Low-income countries,2010,38.96799850463867
Low-income countries,2011,38.51599884033203
Low-income countries,2012,38.03200149536133
Low-income countries,2013,37.51599884033203
Low-income countries,2014,37.04999923706055
Low-income countries,2015,36.66400146484375
Low-income countries,2016,36.26800155639648
Low-income countries,2017,35.893001556396484
Low-income countries,2018,35.58599853515625
Low-income countries,2019,35.33399963378906
Lower-middle-income countries,2010,24.51499938964844
Lower-middle-income countries,2011,24.22100067138672
Lower-middle-income countries,2012,23.93400001525879
Lower-middle-income countries,2013,23.607999801635746
Lower-middle-income countries,2014,23.06599998474121
Lower-middle-income countries,2015,22.74099922180176
Lower-middle-income countries,2016,22.38800048828125
Lower-middle-income countries,2017,21.91200065612793
Lower-middle-income countries,2018,21.61199951171875
Lower-middle-income countries,2019,21.141000747680664
Luxembourg,2010,11.437000274658203
Luxembourg,2011,10.817999839782717
Luxembourg,2012,11.234999656677246
Luxembourg,2013,11.144000053405762
Luxembourg,2014,10.82800006866455
Luxembourg,2015,10.630999565124512
Luxembourg,2016,10.33899974822998
Luxembourg,2017,10.258999824523926
Luxembourg,2018,10.218000411987305
Luxembourg,2019,10.031999588012695
Macao,2010,9.560999870300291
Macao,2011,10.475000381469728
Macao,2012,11.319000244140623
Macao,2013,11.553000450134276
Macao,2014,11.883000373840332
Macao,2015,11.633999824523926
Macao,2016,11.42300033569336
Macao,2017,10.876999855041504
Macao,2018,10.621000289916992
Macao,2019,10.295000076293944
Madagascar,2010,36.04100036621094
Madagascar,2011,35.0629997253418
Madagascar,2012,34.270999908447266
Madagascar,2013,33.69900131225586
Madagascar,2014,33.07899856567383
Madagascar,2015,32.76499938964844
Madagascar,2016,32.75899887084961
Madagascar,2017,32.47700119018555
Madagascar,2018,32.0880012512207
Madagascar,2019,31.701000213623047
Malawi,2010,40.82500076293945
Malawi,2011,39.88999938964844
Malawi,2012,38.79399871826172
Malawi,2013,37.84999847412109
Malawi,2014,36.79100036621094
Malawi,2015,35.766998291015625
Malawi,2016,34.82400131225586
Malawi,2017,34.34299850463867
Malawi,2018,33.92499923706055
Malawi,2019,33.597999572753906
Malaysia,2010,17.00200080871582
Malaysia,2011,17.26099967956543
Malaysia,2012,17.208999633789062
Malaysia,2013,17.225000381469727
Malaysia,2014,17.312999725341797
Malaysia,2015,17.10099983215332
Malaysia,2016,16.684999465942383
Malaysia,2017,16.354999542236328
Malaysia,2018,15.977999687194824
Malaysia,2019,15.579999923706056
Maldives,2010,21.165000915527344
Maldives,2011,20.527000427246094
Maldives,2012,19.864999771118164
Maldives,2013,18.895000457763672
Maldives,2014,18.04400062561035
Maldives,2015,17.46500015258789
Maldives,2016,16.79400062561035
Maldives,2017,16.125999450683594
Maldives,2018,15.531000137329102
Maldives,2019,15.00100040435791
Mali,2010,46.5880012512207
Mali,2011,46.23400115966797
Mali,2012,45.917999267578125
Mali,2013,45.27099990844727
Mali,2014,44.79399871826172
Mali,2015,44.34199905395508
Mali,2016,43.81800079345703
Mali,2017,43.37799835205078
Mali,2018,42.9010009765625
Mali,2019,42.3759994506836
Malta,2010,9.446999549865724
Malta,2011,9.958999633789062
Malta,2012,9.902000427246094
Malta,2013,9.545000076293944
Malta,2014,9.74899959564209
Malta,2015,9.817999839782717
Malta,2016,9.907999992370604
Malta,2017,9.310999870300291
Malta,2018,9.1850004196167
Malta,2019,8.67300033569336
Marshall Islands,2010,30.128999710083008
Marshall Islands,2011,28.631000518798828
Marshall Islands,2012,27.378999710083008
Marshall Islands,2013,26.187000274658203
Marshall Islands,2014,25.006000518798828
Marshall Islands,2015,23.94700050354004
Marshall Islands,2016,23.016000747680664
Marshall Islands,2017,22.26799964904785
Marshall Islands,2018,21.513999938964844
Marshall Islands,2019,20.74399948120117
Martinique,2010,12.598999977111816
Martinique,2011,12.06700038909912
Martinique,2012,11.807000160217283
Martinique,2013,11.45699977874756
Martinique,2014,11.22599983215332
Martinique,2015,10.97599983215332
Martinique,2016,10.529000282287598
Martinique,2017,10.100000381469728
Martinique,2018,9.854000091552734
Martinique,2019,9.734000205993652
Mauritania,2010,36.77199935913086
Mauritania,2011,36.71200180053711
Mauritania,2012,36.39799880981445
Mauritania,2013,35.83399963378906
Mauritania,2014,35.527000427246094
Mauritania,2015,35.18000030517578
Mauritania,2016,34.832000732421875
Mauritania,2017,34.42499923706055
Mauritania,2018,34.18299865722656
Mauritania,2019,33.722999572753906
Mauritius,2010,12.027999877929688
Mauritius,2011,11.85099983215332
Mauritius,2012,11.699999809265137
Mauritius,2013,10.79800033569336
Mauritius,2014,10.729999542236328
Mauritius,2015,10.24899959564209
Mauritius,2016,10.388999938964844
Mauritius,2017,10.61299991607666
Mauritius,2018,10.361000061035156
Mauritius,2019,10.243000030517578
Mayotte,2010,34.01900100708008
Mayotte,2011,33.44900131225586
Mayotte,2012,32.98500061035156
Mayotte,2013,33.85599899291992
Mayotte,2014,35.30400085449219
Mayotte,2015,37.507999420166016
Mayotte,2016,38.60300064086914
Mayotte,2017,38.88399887084961
Mayotte,2018,37.54600143432617
Mayotte,2019,37.31600189208984
Mexico,2010,20.152000427246094
Mexico,2011,19.91699981689453
Mexico,2012,19.63500022888184
Mexico,2013,19.326000213623047
Mexico,2014,18.711000442504883
Mexico,2015,17.968000411987305
Mexico,2016,17.420000076293945
Mexico,2017,16.94700050354004
Mexico,2018,16.46500015258789
Mexico,2019,15.710000038146973
Micronesia (country),2010,23.69599914550781
Micronesia (country),2011,23.405000686645508
Micronesia (country),2012,22.975000381469727
Micronesia (country),2013,22.652000427246094
Micronesia (country),2014,22.266000747680664
Micronesia (country),2015,21.854999542236328
Micronesia (country),2016,21.714000701904297
Micronesia (country),2017,21.451000213623047
Micronesia (country),2018,21.200000762939453
Micronesia (country),2019,21.05900001525879
Moldova,2010,14.265000343322754
Moldova,2011,13.86400032043457
Moldova,2012,13.746000289916992
Moldova,2013,13.59000015258789
Moldova,2014,14.802000045776367
Moldova,2015,14.89900016784668
Moldova,2016,14.76099967956543
Moldova,2017,13.80500030517578
Moldova,2018,13.442999839782717
Moldova,2019,12.894000053405762
Monaco,2010,10.425000190734863
Monaco,2011,9.663999557495115
Monaco,2012,9.642999649047852
Monaco,2013,9.435999870300291
Monaco,2014,9.70699977874756
Monaco,2015,9.484000205993652
Monaco,2016,9.468999862670898
Monaco,2017,8.972000122070312
Monaco,2018,9.210000038146973
Monaco,2019,8.982999801635742
Mongolia,2010,23.349000930786133
Mongolia,2011,24.1299991607666
Mongolia,2012,25.29700088500977
Mongolia,2013,26.33300018310547
Mongolia,2014,26.677000045776367
Mongolia,2015,26.351999282836918
Mongolia,2016,25.364999771118164
Mongolia,2017,24.222000122070312
Mongolia,2018,23.836000442504883
Mongolia,2019,23.29199981689453
Montenegro,2010,12.43299961090088
Montenegro,2011,11.935999870300291
Montenegro,2012,12.289999961853027
Montenegro,2013,12.32699966430664
Montenegro,2014,12.378999710083008
Montenegro,2015,12.16800022125244
Montenegro,2016,12.371000289916992
Montenegro,2017,12.175000190734863
Montenegro,2018,11.906000137329102
Montenegro,2019,11.770000457763672
Montserrat,2010,8.795000076293945
Montserrat,2011,8.967000007629395
Montserrat,2012,9.364999771118164
Montserrat,2013,9.366999626159668
Montserrat,2014,9.623000144958496
Montserrat,2015,9.666999816894531
Montserrat,2016,9.81999969482422
Montserrat,2017,10.196000099182127
Montserrat,2018,7.833000183105469
Montserrat,2019,8.706999778747559
More developed regions,2010,11.41800022125244
More developed regions,2011,11.241000175476074
More developed regions,2012,11.232999801635742
More developed regions,2013,11.057000160217283
More developed regions,2014,11.045000076293944
More developed regions,2015,10.949000358581545
More developed regions,2016,10.81700038909912
More developed regions,2017,10.39799976348877
More developed regions,2018,10.095999717712402
More developed regions,2019,9.774999618530272
Morocco,2010,21.402000427246094
Morocco,2011,21.506999969482425
Morocco,2012,21.304000854492188
Morocco,2013,21.141000747680664
Morocco,2014,20.617000579833984
Morocco,2015,20.30699920654297
Morocco,2016,19.482999801635746
Morocco,2017,19.29800033569336
Morocco,2018,18.8129997253418
Morocco,2019,18.33699989318848
Mozambique,2010,42.01300048828125
Mozambique,2011,41.60499954223633
Mozambique,2012,41.07899856567383
Mozambique,2013,40.54800033569336
Mozambique,2014,39.25400161743164
Mozambique,2015,38.797000885009766
Mozambique,2016,38.4370002746582
Mozambique,2017,38.12699890136719
Mozambique,2018,37.75299835205078
Mozambique,2019,37.345001220703125
Myanmar,2010,19.40900039672852
Myanmar,2011,19.10400009155273
Myanmar,2012,18.761999130249023
Myanmar,2013,18.572999954223636
Myanmar,2014,18.40399932861328
Myanmar,2015,18.402000427246094
Myanmar,2016,18.32999992370605
Myanmar,2017,18.128999710083008
Myanmar,2018,17.868999481201172
Myanmar,2019,17.663000106811523
Namibia,2010,30.42300033569336
Namibia,2011,30.775999069213867
Namibia,2012,31.054000854492188
Namibia,2013,30.878999710083008
Namibia,2014,30.715999603271484
Namibia,2015,30.393999099731445
Namibia,2016,30.051000595092773
Namibia,2017,29.50300025939941
Namibia,2018,29.007999420166016
Namibia,2019,28.433000564575195
Nauru,2010,34.435001373291016
Nauru,2011,34.91299819946289
Nauru,2012,34.49700164794922
Nauru,2013,33.51300048828125
Nauru,2014,32.608001708984375
Nauru,2015,31.856000900268555
Nauru,2016,31.15900039672852
Nauru,2017,30.375
Nauru,2018,29.68600082397461
Nauru,2019,29.124000549316406
Nepal,2010,22.589000701904297
Nepal,2011,22.371999740600582
Nepal,2012,22.334999084472656
Nepal,2013,22.246999740600582
Nepal,2014,22.21999931335449
Nepal,2015,22.049999237060547
Nepal,2016,21.763999938964844
Nepal,2017,21.375999450683597
Nepal,2018,21.025999069213867
Nepal,2019,20.868000030517575
Netherlands,2010,11.055999755859377
Netherlands,2011,10.765000343322754
Netherlands,2012,10.491000175476074
Netherlands,2013,10.208000183105469
Netherlands,2014,10.383000373840332
Netherlands,2015,10.126999855041504
Netherlands,2016,10.159000396728516
Netherlands,2017,9.95699977874756
Netherlands,2018,9.809000015258787
Netherlands,2019,9.79800033569336
New Caledonia,2010,16.558000564575195
New Caledonia,2011,16.621999740600586
New Caledonia,2012,16.645999908447266
New Caledonia,2013,16.427000045776367
New Caledonia,2014,16.108999252319336
New Caledonia,2015,15.82900047302246
New Caledonia,2016,15.631999969482422
New Caledonia,2017,15.4399995803833
New Caledonia,2018,15.152000427246094
New Caledonia,2019,14.857999801635742
New Zealand,2010,14.588000297546388
New Zealand,2011,13.984000205993652
New Zealand,2012,13.826000213623049
New Zealand,2013,13.14900016784668
New Zealand,2014,12.640000343322754
New Zealand,2015,13.130999565124512
New Zealand,2016,12.595000267028809
New Zealand,2017,12.824999809265137
New Zealand,2018,11.862000465393066
New Zealand,2019,12.85099983215332
Nicaragua,2010,24.104999542236328
Nicaragua,2011,23.881000518798828
Nicaragua,2012,23.64699935913086
Nicaragua,2013,23.38500022888184
Nicaragua,2014,23.10300064086914
Nicaragua,2015,22.79700088500977
Nicaragua,2016,22.458999633789062
Nicaragua,2017,22.09000015258789
Nicaragua,2018,21.70400047302246
Nicaragua,2019,21.30500030517578
Niger,2010,48.5099983215332
Niger,2011,47.9900016784668
Niger,2012,47.39799880981445
Niger,2013,47.12300109863281
Niger,2014,46.75199890136719
Niger,2015,46.55799865722656
Niger,2016,46.52000045776367
Niger,2017,46.35100173950195
Niger,2018,46.12699890136719
Niger,2019,45.85900115966797
Nigeria,2010,42.09400177001953
Nigeria,2011,41.79800033569336
Nigeria,2012,41.24100112915039
Nigeria,2013,40.60300064086914
Nigeria,2014,40.06900024414063
Nigeria,2015,39.5099983215332
Nigeria,2016,39.12799835205078
Nigeria,2017,38.68899917602539
Nigeria,2018,38.24800109863281
Nigeria,2019,37.8489990234375
Niue,2010,18.04599952697754
Niue,2011,17.131000518798828
Niue,2012,16.30900001525879
Niue,2013,15.70300006866455
Niue,2014,15.152999877929688
Niue,2015,14.616000175476074
Niue,2016,14.029999732971191
Niue,2017,13.53600025177002
Niue,2018,13.222000122070312
Niue,2019,13.345000267028809
North Korea,2010,12.706000328063965
North Korea,2011,12.727999687194824
North Korea,2012,12.95699977874756
North Korea,2013,13.19200038909912
North Korea,2014,13.449999809265137
North Korea,2015,13.53600025177002
North Korea,2016,13.524999618530272
North Korea,2017,13.513999938964844
North Korea,2018,13.48799991607666
North Korea,2019,13.487000465393066
North Macedonia,2010,11.737000465393066
North Macedonia,2011,11.116999626159668
North Macedonia,2012,11.375
North Macedonia,2013,11.20699977874756
North Macedonia,2014,11.347999572753906
North Macedonia,2015,11.135000228881836
North Macedonia,2016,11.04800033569336
North Macedonia,2017,10.510000228881836
North Macedonia,2018,10.267999649047852
North Macedonia,2019,9.67099952697754
Northern America,2010,12.798999786376951
Northern America,2011,12.550000190734863
Northern America,2012,12.439000129699709
Northern America,2013,12.279000282287598
Northern America,2014,12.28499984741211
Northern America,2015,12.144000053405762
Northern America,2016,11.939000129699709
Northern America,2017,11.61299991607666
Northern America,2018,11.322999954223633
Northern America,2019,11.104999542236328
Northern Mariana Islands,2010,19.378999710083008
Northern Mariana Islands,2011,17.856000900268555
Northern Mariana Islands,2012,17.33300018310547
Northern Mariana Islands,2013,15.994000434875488
Northern Mariana Islands,2014,14.788000106811523
Northern Mariana Islands,2015,13.907999992370604
Northern Mariana Islands,2016,13.234999656677246
Northern Mariana Islands,2017,12.800999641418455
Northern Mariana Islands,2018,12.482000350952148
Northern Mariana Islands,2019,12.380999565124512
Norway,2010,12.449000358581545
Norway,2011,12.102999687194824
Norway,2012,11.92199993133545
Norway,2013,11.552000045776367
Norway,2014,11.437000274658203
Norway,2015,11.31999969482422
Norway,2016,11.210000038146973
Norway,2017,10.715999603271484
Norway,2018,10.369000434875488
Norway,2019,10.194000244140623
Oceania,2010,18.200000762939453
Oceania,2011,17.93600082397461
Oceania,2012,17.886999130249023
Oceania,2013,17.562000274658203
Oceania,2014,17.148000717163086
Oceania,2015,17.117000579833984
Oceania,2016,16.93400001525879
Oceania,2017,16.76300048828125
Oceania,2018,16.634000778198242
Oceania,2019,16.170000076293945
Oman,2010,23.42099952697754
Oman,2011,22.62700080871582
Oman,2012,21.94300079345703
Oman,2013,21.56100082397461
Oman,2014,21.34199905395508
Oman,2015,21.31599998474121
Oman,2016,20.80299949645996
Oman,2017,20.28199958801269
Oman,2018,19.81599998474121
Oman,2019,19.29800033569336
Pakistan,2010,32.10900115966797
Pakistan,2011,31.871999740600582
Pakistan,2012,31.60099983215332
Pakistan,2013,31.18099975585937
Pakistan,2014,30.46199989318848
Pakistan,2015,29.698999404907227
Pakistan,2016,29.30599975585937
Pakistan,2017,28.96299934387207
Pakistan,2018,28.5939998626709
Pakistan,2019,28.275999069213867
Palau,2010,13.987000465393066
Palau,2011,14.116999626159668
Palau,2012,14.315999984741213
Palau,2013,14.498000144958496
Palau,2014,14.159000396728516
Palau,2015,13.465999603271484
Palau,2016,13.777999877929688
Palau,2017,13.279999732971191
Palau,2018,15.390000343322754
Palau,2019,15.55500030517578
Palestine,2010,33.72700119018555
Palestine,2011,33.38199996948242
Palestine,2012,32.89400100708008
Palestine,2013,32.520999908447266
Palestine,2014,32.47700119018555
Palestine,2015,32.72600173950195
Palestine,2016,31.92099952697754
Palestine,2017,30.972999572753903
Palestine,2018,30.125999450683597
Palestine,2019,29.465999603271484
Panama,2010,21.165000915527344
Panama,2011,21.21299934387207
Panama,2012,21.128999710083008
Panama,2013,20.75900077819824
Panama,2014,20.461000442504883
Panama,2015,20.11100006103516
Panama,2016,19.701000213623047
Panama,2017,19.316999435424805
Panama,2018,18.81399917602539
Panama,2019,18.22800064086914
Papua New Guinea,2010,30.44499969482422
Papua New Guinea,2011,30.027999877929688
Papua New Guinea,2012,29.55500030517578
Papua New Guinea,2013,29.121999740600582
Papua New Guinea,2014,28.687000274658203
Papua New Guinea,2015,28.17799949645996
Papua New Guinea,2016,27.702999114990234
Papua New Guinea,2017,27.215999603271484
Papua New Guinea,2018,26.833999633789062
Papua New Guinea,2019,26.3700008392334
Paraguay,2010,22.606000900268555
Paraguay,2011,22.323999404907227
Paraguay,2012,22.069000244140625
Paraguay,2013,22.249000549316406
Paraguay,2014,22.402000427246094
Paraguay,2015,22.42799949645996
Paraguay,2016,22.26300048828125
Paraguay,2017,21.96199989318848
Paraguay,2018,21.66399955749512
Paraguay,2019,21.2810001373291
Peru,2010,21.06599998474121
Peru,2011,20.75
Peru,2012,20.225000381469727
Peru,2013,19.709999084472656
Peru,2014,19.24799919128418
Peru,2015,18.808000564575195
Peru,2016,18.5
Peru,2017,18.268999099731445
Peru,2018,18.09199905395508
Peru,2019,18.04199981689453
Philippines,2010,25.51099967956543
Philippines,2011,24.416000366210938
Philippines,2012,24.457000732421875
Philippines,2013,24.285999298095703
Philippines,2014,23.82699966430664
Philippines,2015,23.25200080871582
Philippines,2016,22.836000442504883
Philippines,2017,22.66399955749512
Philippines,2018,22.44499969482422
Philippines,2019,22.253999710083008
Poland,2010,10.949000358581545
Poland,2011,10.357999801635742
Poland,2012,10.241999626159668
Poland,2013,9.852999687194824
Poland,2014,9.996999740600586
Poland,2015,9.83199977874756
Poland,2016,10.12600040435791
Poland,2017,10.57699966430664
Poland,2018,10.366000175476074
Poland,2019,9.937000274658203
Portugal,2010,9.531999588012695
Portugal,2011,9.130000114440918
Portugal,2012,8.53600025177002
Portugal,2013,7.925000190734863
Portugal,2014,7.913000106811523
Portugal,2015,8.222000122070312
Portugal,2016,8.402999877929688
Portugal,2017,8.350000381469727
Portugal,2018,8.41100025177002
Portugal,2019,8.321000099182129
Puerto Rico,2010,11.309000015258787
Puerto Rico,2011,11.088000297546388
Puerto Rico,2012,10.644000053405762
Puerto Rico,2013,10.09000015258789
Puerto Rico,2014,9.776000022888184
Puerto Rico,2015,9.142999649047852
Puerto Rico,2016,8.70199966430664
Puerto Rico,2017,7.947999954223633
Puerto Rico,2018,6.787000179290772
Puerto Rico,2019,7.902999877929687
Qatar,2010,10.803000450134276
Qatar,2011,11.366000175476074
Qatar,2012,11.234999656677246
Qatar,2013,11.237000465393066
Qatar,2014,10.845000267028809
Qatar,2015,10.32800006866455
Qatar,2016,10.086999893188477
Qatar,2017,10.227999687194824
Qatar,2018,10.597999572753906
Qatar,2019,10.743000030517578
Reunion,2010,17.351999282836914
Reunion,2011,17.165000915527344
Reunion,2012,17.20199966430664
Reunion,2013,16.788000106811523
Reunion,2014,16.78499984741211
Reunion,2015,16.77899932861328
Reunion,2016,16.259000778198242
Reunion,2017,15.947999954223633
Reunion,2018,15.4350004196167
Reunion,2019,15.111000061035156
Romania,2010,11.11400032043457
Romania,2011,10.13599967956543
Romania,2012,10.211999893188477
Romania,2013,9.70699977874756
Romania,2014,10.178999900817873
Romania,2015,10.45300006866455
Romania,2016,10.781999588012695
Romania,2017,11.020999908447266
Romania,2018,10.72599983215332
Romania,2019,10.437999725341797
Russia,2010,12.732000350952148
Russia,2011,12.98799991607666
Russia,2012,13.472000122070312
Russia,2013,13.531999588012695
Russia,2014,13.56700038909912
Russia,2015,13.437999725341797
Russia,2016,13.041999816894531
Russia,2017,11.630000114440918
Russia,2018,11.03600025177002
Russia,2019,10.215999603271484
Rwanda,2010,34.83599853515625
Rwanda,2011,33.65800094604492
Rwanda,2012,32.81800079345703
Rwanda,2013,32.40700149536133
Rwanda,2014,32.084999084472656
Rwanda,2015,31.83300018310547
Rwanda,2016,31.65900039672852
Rwanda,2017,31.39900016784668
Rwanda,2018,31.15800094604492
Rwanda,2019,30.775999069213867
Saint Barthlemy,2010,9.329999923706056
Saint Barthlemy,2011,9.109000205993652
Saint Barthlemy,2012,9.008999824523926
Saint Barthlemy,2013,8.878999710083008
Saint Barthlemy,2014,8.640999794006348
Saint Barthlemy,2015,8.208999633789062
Saint Barthlemy,2016,7.800000190734863
Saint Barthlemy,2017,7.532000064849853
Saint Barthlemy,2018,7.709000110626221
Saint Barthlemy,2019,7.910999774932861
Saint Helena,2010,8.66100025177002
Saint Helena,2011,8.64799976348877
Saint Helena,2012,8.654999732971191
Saint Helena,2013,8.61299991607666
Saint Helena,2014,8.58899974822998
Saint Helena,2015,8.564000129699707
Saint Helena,2016,8.446999549865723
Saint Helena,2017,8.380999565124512
Saint Helena,2018,8.199999809265137
Saint Helena,2019,8.029999732971191
Saint Kitts and Nevis,2010,14.788999557495115
Saint Kitts and Nevis,2011,14.529999732971191
Saint Kitts and Nevis,2012,14.267999649047852
Saint Kitts and Nevis,2013,13.975000381469728
Saint Kitts and Nevis,2014,13.800000190734863
Saint Kitts and Nevis,2015,13.583000183105469
Saint Kitts and Nevis,2016,13.456000328063965
Saint Kitts and Nevis,2017,13.211000442504885
Saint Kitts and Nevis,2018,12.94200038909912
Saint Kitts and Nevis,2019,12.692999839782717
Saint Lucia,2010,12.618000030517578
Saint Lucia,2011,12.550000190734863
Saint Lucia,2012,12.496000289916992
Saint Lucia,2013,12.444000244140623
Saint Lucia,2014,12.392999649047852
Saint Lucia,2015,12.321000099182127
Saint Lucia,2016,12.229000091552734
Saint Lucia,2017,12.11400032043457
Saint Lucia,2018,11.986000061035156
Saint Lucia,2019,11.833999633789062
Saint Martin (French part),2010,18.6299991607666
Saint Martin (French part),2011,18.562000274658203
Saint Martin (French part),2012,20.90399932861328
Saint Martin (French part),2013,19.98600006103516
Saint Martin (French part),2014,19.08699989318848
Saint Martin (French part),2015,18.46199989318848
Saint Martin (French part),2016,17.927000045776367
Saint Martin (French part),2017,17.42300033569336
Saint Martin (French part),2018,17.02199935913086
Saint Martin (French part),2019,16.482999801635742
Saint Pierre and Miquelon,2010,9.602999687194824
Saint Pierre and Miquelon,2011,9.119000434875488
Saint Pierre and Miquelon,2012,8.503999710083008
Saint Pierre and Miquelon,2013,8.100000381469727
Saint Pierre and Miquelon,2014,7.642000198364258
Saint Pierre and Miquelon,2015,7.541999816894531
Saint Pierre and Miquelon,2016,7.59499979019165
Saint Pierre and Miquelon,2017,7.613999843597412
Saint Pierre and Miquelon,2018,7.640999794006348
Saint Pierre and Miquelon,2019,7.390999794006348
Saint Vincent and the Grenadines,2010,16.854000091552734
Saint Vincent and the Grenadines,2011,16.483999252319336
Saint Vincent and the Grenadines,2012,16.509000778198242
Saint Vincent and the Grenadines,2013,16.312000274658203
Saint Vincent and the Grenadines,2014,16.190000534057617
Saint Vincent and the Grenadines,2015,15.890999794006348
Saint Vincent and the Grenadines,2016,15.16100025177002
Saint Vincent and the Grenadines,2017,14.269000053405762
Saint Vincent and the Grenadines,2018,13.708000183105469
Saint Vincent and the Grenadines,2019,13.345999717712402
Samoa,2010,30.19499969482422
Samoa,2011,30.465999603271484
Samoa,2012,30.48600006103516
Samoa,2013,30.155000686645508
Samoa,2014,29.801000595092773
Samoa,2015,29.399999618530277
Samoa,2016,28.948999404907227
Samoa,2017,28.57900047302246
Samoa,2018,28.222000122070312
Samoa,2019,27.895000457763672
San Marino,2010,10.355999946594238
San Marino,2011,10.138999938964844
San Marino,2012,8.770000457763672
San Marino,2013,9.8100004196167
San Marino,2014,8.3100004196167
San Marino,2015,7.563000202178955
San Marino,2016,6.853000164031982
San Marino,2017,6.1579999923706055
San Marino,2018,6.168000221252441
San Marino,2019,6.125999927520752
Sao Tome and Principe,2010,36.87300109863281
Sao Tome and Principe,2011,36.62799835205078
Sao Tome and Principe,2012,36.14799880981445
Sao Tome and Principe,2013,35.15900039672852
Sao Tome and Principe,2014,34.03200149536133
Sao Tome and Principe,2015,32.75400161743164
Sao Tome and Principe,2016,31.601999282836918
Sao Tome and Principe,2017,30.40999984741211
Sao Tome and Principe,2018,29.53499984741211
Sao Tome and Principe,2019,28.91699981689453
Saudi Arabia,2010,21.893999099731445
Saudi Arabia,2011,21.63400077819824
Saudi Arabia,2012,21.2450008392334
Saudi Arabia,2013,20.753999710083008
Saudi Arabia,2014,20.160999298095703
Saudi Arabia,2015,19.52400016784668
Saudi Arabia,2016,18.972000122070312
Saudi Arabia,2017,18.902999877929688
Saudi Arabia,2018,18.702999114990234
Saudi Arabia,2019,18.451000213623047
Senegal,2010,37.7400016784668
Senegal,2011,37.50199890136719
Senegal,2012,37.20700073242188
Senegal,2013,36.81700134277344
Senegal,2014,36.321998596191406
Senegal,2015,35.35699844360352
Senegal,2016,34.67300033569336
Senegal,2017,34.2239990234375
Senegal,2018,33.95500183105469
Senegal,2019,33.470001220703125
Serbia,2010,9.3100004196167
Serbia,2011,9.310999870300291
Serbia,2012,9.527000427246094
Serbia,2013,9.364999771118164
Serbia,2014,9.489999771118164
Serbia,2015,9.43000030517578
Serbia,2016,9.354999542236328
Serbia,2017,9.404000282287598
Serbia,2018,9.335000038146973
Serbia,2019,9.413999557495115
Seychelles,2010,17.183000564575195
Seychelles,2011,18.25200080871582
Seychelles,2012,18.31100082397461
Seychelles,2013,17.093000411987305
Seychelles,2014,16.770999908447266
Seychelles,2015,16.990999221801758
Seychelles,2016,17.391000747680664
Seychelles,2017,17.350000381469727
Seychelles,2018,16.856000900268555
Seychelles,2019,16.347999572753906
Sierra Leone,2010,38.887001037597656
Sierra Leone,2011,38.28200149536133
Sierra Leone,2012,37.56900024414063
Sierra Leone,2013,36.47299957275391
Sierra Leone,2014,35.53300094604492
Sierra Leone,2015,34.55799865722656
Sierra Leone,2016,34.01100158691406
Sierra Leone,2017,33.56800079345703
Sierra Leone,2018,33.0989990234375
Sierra Leone,2019,32.54899978637695
Singapore,2010,9.118000030517578
Singapore,2011,9.354999542236328
Singapore,2012,9.815999984741213
Singapore,2013,9.12399959564209
Singapore,2014,9.42099952697754
Singapore,2015,9.211999893188477
Singapore,2016,7.443999767303467
Singapore,2017,7.019999980926514
Singapore,2018,6.861999988555908
Singapore,2019,6.888999938964844
Sint Maarten (Dutch part),2010,13.753999710083008
Sint Maarten (Dutch part),2011,14.63599967956543
Sint Maarten (Dutch part),2012,13.904000282287598
Sint Maarten (Dutch part),2013,5.372000217437744
Sint Maarten (Dutch part),2014,5.057000160217285
Sint Maarten (Dutch part),2015,5.057000160217285
Sint Maarten (Dutch part),2016,5.110000133514404
Sint Maarten (Dutch part),2017,5.4720001220703125
Sint Maarten (Dutch part),2018,6.423999786376953
Sint Maarten (Dutch part),2019,6.873000144958496
Slovakia,2010,11.227999687194824
Slovakia,2011,11.20400047302246
Slovakia,2012,10.383999824523926
Slovakia,2013,10.225000381469728
Slovakia,2014,10.232999801635742
Slovakia,2015,10.281999588012695
Slovakia,2016,10.58899974822998
Slovakia,2017,10.647000312805176
Slovakia,2018,10.574999809265137
Slovakia,2019,10.458999633789062
Slovenia,2010,11.060999870300291
Slovenia,2011,10.864999771118164
Slovenia,2012,10.781000137329102
Slovenia,2013,10.39900016784668
Slovenia,2014,10.383999824523926
Slovenia,2015,10.1899995803833
Slovenia,2016,10.015999794006348
Slovenia,2017,9.946999549865724
Slovenia,2018,9.625
Slovenia,2019,9.418999671936035
Small Island Developing States (SIDS),2010,20.149999618530277
Small Island Developing States (SIDS),2011,20.07099914550781
Small Island Developing States (SIDS),2012,19.77899932861328
Small Island Developing States (SIDS),2013,19.43899917602539
Small Island Developing States (SIDS),2014,19.21999931335449
Small Island Developing States (SIDS),2015,19.00200080871582
Small Island Developing States (SIDS),2016,18.518999099731445
Small Island Developing States (SIDS),2017,18.19599914550781
Small Island Developing States (SIDS),2018,17.94700050354004
Small Island Developing States (SIDS),2019,17.691999435424805
Solomon Islands,2010,33.64099884033203
Solomon Islands,2011,33.632999420166016
Solomon Islands,2012,33.61899948120117
Solomon Islands,2013,33.584999084472656
Solomon Islands,2014,33.47700119018555
Solomon Islands,2015,32.928001403808594
Solomon Islands,2016,32.37900161743164
Solomon Islands,2017,31.743000030517575
Solomon Islands,2018,31.2189998626709
Solomon Islands,2019,30.761999130249023
Somalia,2010,47.69599914550781
Somalia,2011,47.52999877929688
Somalia,2012,47.28200149536133
Somalia,2013,46.994998931884766
Somalia,2014,46.74700164794922
Somalia,2015,46.4739990234375
Somalia,2016,46.15599822998047
Somalia,2017,45.45700073242188
Somalia,2018,44.992000579833984
Somalia,2019,44.56399917602539
South Africa,2010,22.27400016784668
South Africa,2011,22.28199958801269
South Africa,2012,22.35300064086914
South Africa,2013,22.177000045776367
South Africa,2014,22.05699920654297
South Africa,2015,21.299999237060547
South Africa,2016,20.25
South Africa,2017,20.64299964904785
South Africa,2018,21.136999130249023
South Africa,2019,21.275999069213867
South Korea,2010,9.286999702453612
South Korea,2011,9.366000175476074
South Korea,2012,9.3100004196167
South Korea,2013,8.812000274658203
South Korea,2014,8.571000099182129
South Korea,2015,8.366999626159668
South Korea,2016,7.797999858856201
South Korea,2017,7.019000053405762
South Korea,2018,6.375
South Korea,2019,5.920000076293945
South Sudan,2010,40.18000030517578
South Sudan,2011,40.255001068115234
South Sudan,2012,39.87200164794922
South Sudan,2013,39.27000045776367
South Sudan,2014,38.47999954223633
South Sudan,2015,36.32500076293945
South Sudan,2016,35.150001525878906
South Sudan,2017,32.6510009765625
South Sudan,2018,30.14699935913086
South Sudan,2019,29.058000564575195
Spain,2010,10.45400047302246
Spain,2011,10.11299991607666
Spain,2012,9.729000091552734
Spain,2013,9.161999702453612
Spain,2014,9.157999992370604
Spain,2015,8.998000144958496
Spain,2016,8.769000053405762
Spain,2017,8.368000030517578
Spain,2018,7.888999938964844
Spain,2019,7.563000202178955
Sri Lanka,2010,17.55299949645996
Sri Lanka,2011,17.511999130249023
Sri Lanka,2012,17.31800079345703
Sri Lanka,2013,17.0049991607666
Sri Lanka,2014,16.395999908447266
Sri Lanka,2015,15.88599967956543
Sri Lanka,2016,15.496000289916992
Sri Lanka,2017,15.170000076293944
Sri Lanka,2018,14.80500030517578
Sri Lanka,2019,14.534000396728516
Sudan,2010,37.49700164794922
Sudan,2011,36.90999984741211
Sudan,2012,36.31600189208984
Sudan,2013,36.32699966430664
Sudan,2014,36.3489990234375
Sudan,2015,36.41299819946289
Sudan,2016,36.03799819946289
Sudan,2017,35.66899871826172
Sudan,2018,35.23600006103516
Sudan,2019,34.823001861572266
Suriname,2010,20.36100006103516
Suriname,2011,20.059999465942383
Suriname,2012,19.79199981689453
Suriname,2013,19.54700088500977
Suriname,2014,19.333999633789062
Suriname,2015,19.12700080871582
Suriname,2016,18.91200065612793
Suriname,2017,18.757999420166016
Suriname,2018,18.57699966430664
Suriname,2019,18.40900039672852
Sweden,2010,12.22700023651123
Sweden,2011,11.80799961090088
Sweden,2012,11.833000183105469
Sweden,2013,11.758000373840332
Sweden,2014,11.817999839782717
Sweden,2015,11.730999946594238
Sweden,2016,11.80799961090088
Sweden,2017,11.484999656677246
Sweden,2018,11.357999801635742
Sweden,2019,11.157999992370604
Switzerland,2010,10.1850004196167
Switzerland,2011,10.13700008392334
Switzerland,2012,10.199000358581545
Switzerland,2013,10.161999702453612
Switzerland,2014,10.32800006866455
Switzerland,2015,10.39900016784668
Switzerland,2016,10.425999641418455
Switzerland,2017,10.281000137329102
Switzerland,2018,10.243000030517578
Switzerland,2019,10.04599952697754
Syria,2010,28.674999237060547
Syria,2011,27.520000457763672
Syria,2012,26.618000030517575
Syria,2013,25.200000762939453
Syria,2014,22.38999938964844
Syria,2015,20.232999801635746
Syria,2016,18.874000549316406
Syria,2017,18.56800079345703
Syria,2018,18.155000686645508
Syria,2019,18.882999420166016
Taiwan,2010,7.61299991607666
Taiwan,2011,8.586999893188477
Taiwan,2012,9.357999801635742
Taiwan,2013,9.142999649047852
Taiwan,2014,9.279000282287598
Taiwan,2015,9.20699977874756
Taiwan,2016,8.965999603271484
Taiwan,2017,8.559000015258789
Taiwan,2018,8.168999671936035
Taiwan,2019,7.928999900817871
Tajikistan,2010,31.045000076293945
Tajikistan,2011,31.27400016784668
Tajikistan,2012,31.16900062561035
Tajikistan,2013,31.34000015258789
Tajikistan,2014,31.43199920654297
Tajikistan,2015,31.22800064086914
Tajikistan,2016,30.21299934387207
Tajikistan,2017,28.93199920654297
Tajikistan,2018,28.6879997253418
Tajikistan,2019,28.267000198364254
Tanzania,2010,39.729000091552734
Tanzania,2011,39.07600021362305
Tanzania,2012,38.32899856567383
Tanzania,2013,38.72100067138672
Tanzania,2014,38.89300155639648
Tanzania,2015,38.74100112915039
Tanzania,2016,38.37900161743164
Tanzania,2017,38.05799865722656
Tanzania,2018,37.525001525878906
Tanzania,2019,37.11299896240234
Thailand,2010,11.925999641418455
Thailand,2011,11.949999809265137
Thailand,2012,11.753999710083008
Thailand,2013,11.37399959564209
Thailand,2014,11.003999710083008
Thailand,2015,10.607000350952148
Thailand,2016,10.260000228881836
Thailand,2017,9.979999542236328
Thailand,2018,9.661999702453612
Thailand,2019,9.376999855041504
Timor,2010,31.38999938964844
Timor,2011,30.66699981689453
Timor,2012,29.82200050354004
Timor,2013,29.143999099731445
Timor,2014,28.429000854492188
Timor,2015,27.700000762939453
Timor,2016,27.01799964904785
Timor,2017,26.48699951171875
Timor,2018,25.92099952697754
Timor,2019,25.51099967956543
Togo,2010,37.35100173950195
Togo,2011,36.63199996948242
Togo,2012,35.84600067138672
Togo,2013,35.30799865722656
Togo,2014,34.82699966430664
Togo,2015,34.391998291015625
Togo,2016,34.0989990234375
Togo,2017,33.65599822998047
Togo,2018,33.18600082397461
Togo,2019,32.75600051879883
Tokelau,2010,17.79599952697754
Tokelau,2011,17.540000915527344
Tokelau,2012,17.597000122070312
Tokelau,2013,18.5310001373291
Tokelau,2014,18.62800025939941
Tokelau,2015,18.149999618530277
Tokelau,2016,17.43199920654297
Tokelau,2017,16.823999404907227
Tokelau,2018,17.777999877929688
Tokelau,2019,18.489999771118164
Tonga,2010,27.266000747680664
Tonga,2011,26.94300079345703
Tonga,2012,26.5049991607666
Tonga,2013,26.10400009155273
Tonga,2014,25.68000030517578
Tonga,2015,25.17099952697754
Tonga,2016,24.542999267578125
Tonga,2017,24.01499938964844
Tonga,2018,23.625
Tonga,2019,23.423999786376957
Trinidad and Tobago,2010,14.842000007629396
Trinidad and Tobago,2011,14.781000137329102
Trinidad and Tobago,2012,14.571999549865724
Trinidad and Tobago,2013,14.281999588012695
Trinidad and Tobago,2014,13.958000183105469
Trinidad and Tobago,2015,13.604000091552734
Trinidad and Tobago,2016,13.291999816894531
Trinidad and Tobago,2017,12.909000396728516
Trinidad and Tobago,2018,12.557000160217283
Trinidad and Tobago,2019,12.359000205993652
Tunisia,2010,18.211000442504883
Tunisia,2011,18.93400001525879
Tunisia,2012,19.18400001525879
Tunisia,2013,19.32999992370605
Tunisia,2014,19.30299949645996
Tunisia,2015,19.11899948120117
Tunisia,2016,18.780000686645508
Tunisia,2017,18.39900016784668
Tunisia,2018,17.73699951171875
Tunisia,2019,17.21500015258789
Turkey,2010,17.746000289916992
Turkey,2011,17.63800048828125
Turkey,2012,17.663999557495117
Turkey,2013,17.73699951171875
Turkey,2014,17.972000122070312
Turkey,2015,17.93899917602539
Turkey,2016,17.73900032043457
Turkey,2017,17.368000030517578
Turkey,2018,16.481000900268555
Turkey,2019,15.593999862670898
Turkmenistan,2010,25.27300071716309
Turkmenistan,2011,25.9689998626709
Turkmenistan,2012,26.45199966430664
Turkmenistan,2013,26.62700080871582
Turkmenistan,2014,26.50200080871582
Turkmenistan,2015,26.07099914550781
Turkmenistan,2016,25.423999786376957
Turkmenistan,2017,24.64800071716309
Turkmenistan,2018,23.84499931335449
Turkmenistan,2019,23.05500030517578
Turks and Caicos Islands,2010,13.70199966430664
Turks and Caicos Islands,2011,13.48799991607666
Turks and Caicos Islands,2012,13.258000373840332
Turks and Caicos Islands,2013,13.041999816894531
Turks and Caicos Islands,2014,12.80799961090088
Turks and Caicos Islands,2015,12.815999984741213
Turks and Caicos Islands,2016,13.215999603271484
Turks and Caicos Islands,2017,13.30799961090088
Turks and Caicos Islands,2018,13.130000114440918
Turks and Caicos Islands,2019,12.848999977111816
Tuvalu,2010,22.31999969482422
Tuvalu,2011,22.511999130249023
Tuvalu,2012,22.74099922180176
Tuvalu,2013,22.29599952697754
Tuvalu,2014,22.26499938964844
Tuvalu,2015,22.358999252319336
Tuvalu,2016,22.65900039672852
Tuvalu,2017,22.999000549316406
Tuvalu,2018,23.507999420166016
Tuvalu,2019,23.61899948120117
Uganda,2010,43.06800079345703
Uganda,2011,42.43399810791016
Uganda,2012,41.74300003051758
Uganda,2013,40.94300079345703
Uganda,2014,40.15399932861328
Uganda,2015,39.422000885009766
Uganda,2016,38.70899963378906
Uganda,2017,38.34299850463867
Uganda,2018,38.0620002746582
Uganda,2019,37.66699981689453
Ukraine,2010,10.9350004196167
Ukraine,2011,11.14799976348877
Ukraine,2012,11.413000106811523
Ukraine,2013,11.184000015258787
Ukraine,2014,10.9399995803833
Ukraine,2015,10.734999656677246
Ukraine,2016,10.23900032043457
Ukraine,2017,9.383999824523926
Ukraine,2018,8.668999671936035
Ukraine,2019,7.995999813079834
United Arab Emirates,2010,13.664999961853027
United Arab Emirates,2011,13.291999816894531
United Arab Emirates,2012,12.91100025177002
United Arab Emirates,2013,12.437999725341797
United Arab Emirates,2014,11.98900032043457
United Arab Emirates,2015,11.477999687194824
United Arab Emirates,2016,10.993000030517578
United Arab Emirates,2017,10.619999885559082
United Arab Emirates,2018,10.048999786376951
United Arab Emirates,2019,9.75
United Kingdom,2010,12.788999557495115
United Kingdom,2011,12.736000061035156
United Kingdom,2012,12.706000328063965
United Kingdom,2013,12.17099952697754
United Kingdom,2014,12.031999588012695
United Kingdom,2015,11.984000205993652
United Kingdom,2016,11.873000144958496
United Kingdom,2017,11.47599983215332
United Kingdom,2018,11.029000282287598
United Kingdom,2019,10.63700008392334
United States,2010,12.994000434875488
United States,2011,12.72700023651123
United States,2012,12.604000091552734
United States,2013,12.446000099182127
United States,2014,12.45699977874756
United States,2015,12.333999633789062
United States,2016,12.121999740600586
United States,2017,11.76099967956543
United States,2018,11.468000411987305
United States,2019,11.258000373840332
United States Virgin Islands,2010,15.626999855041504
United States Virgin Islands,2011,14.579999923706056
United States Virgin Islands,2012,13.89799976348877
United States Virgin Islands,2013,13.631999969482422
United States Virgin Islands,2014,13.371999740600586
United States Virgin Islands,2015,13.149999618530272
United States Virgin Islands,2016,12.883000373840332
United States Virgin Islands,2017,12.602999687194824
United States Virgin Islands,2018,12.28499984741211
United States Virgin Islands,2019,11.994000434875488
Upper-middle-income countries,2010,15.085000038146973
Upper-middle-income countries,2011,14.982999801635742
Upper-middle-income countries,2012,15.482999801635742
Upper-middle-income countries,2013,14.95699977874756
Upper-middle-income countries,2014,15.052000045776367
Upper-middle-income countries,2015,14.369000434875488
Upper-middle-income countries,2016,14.45699977874756
Upper-middle-income countries,2017,14.28600025177002
Upper-middle-income countries,2018,12.94200038909912
Upper-middle-income countries,2019,12.371999740600586
Uruguay,2010,14.263999938964844
Uruguay,2011,14.222999572753906
Uruguay,2012,14.196000099182127
Uruguay,2013,14.196999549865724
Uruguay,2014,14.08199977874756
Uruguay,2015,14.215999603271484
Uruguay,2016,13.640000343322754
Uruguay,2017,12.57900047302246
Uruguay,2018,11.604999542236328
Uruguay,2019,10.821999549865724
Uzbekistan,2010,22.638999938964844
Uzbekistan,2011,22.18099975585937
Uzbekistan,2012,22.17300033569336
Uzbekistan,2013,22.6879997253418
Uzbekistan,2014,23.19700050354004
Uzbekistan,2015,23.351999282836918
Uzbekistan,2016,23.093000411987305
Uzbekistan,2017,22.80599975585937
Uzbekistan,2018,23.996999740600582
Uzbekistan,2019,24.31399917602539
Vanuatu,2010,33.055999755859375
Vanuatu,2011,33.27899932861328
Vanuatu,2012,33.249000549316406
Vanuatu,2013,33.08700180053711
Vanuatu,2014,32.85499954223633
Vanuatu,2015,32.41999816894531
Vanuatu,2016,32.02899932861328
Vanuatu,2017,31.483999252319336
Vanuatu,2018,30.888999938964844
Vanuatu,2019,30.399999618530277
Vatican,2010,4.6579999923706055
Vatican,2011,4.59499979019165
Vatican,2012,4.513000011444092
Vatican,2013,4.419000148773193
Vatican,2014,4.440999984741211
Vatican,2015,4.394000053405762
Vatican,2016,4.322999954223633
Vatican,2017,4.196000099182129
Vatican,2018,4.158999919891357
Vatican,2019,4.191999912261963
Venezuela,2010,20.80500030517578
Venezuela,2011,20.465999603271484
Venezuela,2012,20.14299964904785
Venezuela,2013,19.82699966430664
Venezuela,2014,19.506999969482425
Venezuela,2015,19.201000213623047
Venezuela,2016,18.89800071716309
Venezuela,2017,18.50200080871582
Venezuela,2018,17.832000732421875
Venezuela,2019,16.88800048828125
Vietnam,2010,16.9060001373291
Vietnam,2011,16.929000854492188
Vietnam,2012,17.077999114990234
Vietnam,2013,17.152000427246094
Vietnam,2014,16.981000900268555
Vietnam,2015,16.78700065612793
Vietnam,2016,16.437999725341797
Vietnam,2017,16.100000381469727
Vietnam,2018,15.873000144958496
Vietnam,2019,15.663000106811523
Wallis and Futuna,2010,14.371999740600586
Wallis and Futuna,2011,14.442999839782717
Wallis and Futuna,2012,14.097999572753906
Wallis and Futuna,2013,13.538999557495115
Wallis and Futuna,2014,13.133000373840332
Wallis and Futuna,2015,13.01200008392334
Wallis and Futuna,2016,12.932000160217283
Wallis and Futuna,2017,12.713000297546388
Wallis and Futuna,2018,12.380999565124512
Wallis and Futuna,2019,12.189000129699709
Western Sahara,2010,22.457000732421875
Western Sahara,2011,22.2450008392334
Western Sahara,2012,22.08099937438965
Western Sahara,2013,19.983999252319336
Western Sahara,2014,19.753999710083008
Western Sahara,2015,19.39900016784668
Western Sahara,2016,18.96999931335449
Western Sahara,2017,18.5049991607666
Western Sahara,2018,18.052000045776367
Western Sahara,2019,17.608999252319336
World,2010,20.27400016784668
World,2011,20.0939998626709
World,2012,20.131999969482425
World,2013,19.7810001373291
World,2014,19.576000213623047
World,2015,19.202999114990234
World,2016,19.06399917602539
World,2017,18.767000198364254
World,2018,18.173999786376957
World,2019,17.770999908447266
Yemen,2010,35.79100036621094
Yemen,2011,35.4900016784668
Yemen,2012,35.125
Yemen,2013,34.79399871826172
Yemen,2014,34.428001403808594
Yemen,2015,33.93299865722656
Yemen,2016,33.347999572753906
Yemen,2017,32.7130012512207
Yemen,2018,32.30500030517578
Yemen,2019,31.777999877929688
Zambia,2010,41.79399871826172
Zambia,2011,41.1619987487793
Zambia,2012,40.35200119018555
Zambia,2013,39.50699996948242
Zambia,2014,38.58399963378906
Zambia,2015,37.83200073242188
Zambia,2016,37.242000579833984
Zambia,2017,36.60100173950195
Zambia,2018,36.040000915527344
Zambia,2019,35.46200180053711
Zimbabwe,2010,37.055999755859375
Zimbabwe,2011,37.20500183105469
Zimbabwe,2012,36.80400085449219
Zimbabwe,2013,36.24599838256836
Zimbabwe,2014,35.12200164794922
Zimbabwe,2015,33.959999084472656
Zimbabwe,2016,33.17100143432617
Zimbabwe,2017,32.51599884033203
Zimbabwe,2018,32.07400131225586
Zimbabwe,2019,31.51799964904785
