Entity,Code,Year,Birth rate - sex: all - age: all - variant: estimates
Afghanistan,AFG,2010,40.60200119018555
Afghanistan,AFG,2011,39.85499954223633
Afghanistan,AFG,2012,40.00899887084961
Afghanistan,AFG,2013,39.60100173950195
Afghanistan,AFG,2014,39.10499954223633
Afghanistan,AFG,2015,38.803001403808594
Afghanistan,AFG,2016,37.93600082397461
Afghanistan,AFG,2017,37.34199905395508
Afghanistan,AFG,2018,36.92699813842773
Afghanistan,AFG,2019,36.46599960327149
Albania,ALB,2010,11.920000076293944
Albania,ALB,2011,12.03499984741211
Albania,ALB,2012,12.22700023651123
Albania,ALB,2013,12.279000282287598
Albania,ALB,2014,12.149999618530272
Albania,ALB,2015,11.718000411987305
Albania,ALB,2016,11.288999557495115
Albania,ALB,2017,10.869999885559082
Albania,ALB,2018,10.517000198364258
Albania,ALB,2019,10.343000411987305
Algeria,DZA,2010,24.45800018310547
Algeria,DZA,2011,24.815000534057617
Algeria,DZA,2012,25.381999969482425
Algeria,DZA,2013,25.23600006103516
Algeria,DZA,2014,25.40399932861328
Algeria,DZA,2015,25.405000686645508
Algeria,DZA,2016,25.166000366210938
Algeria,DZA,2017,24.7549991607666
Algeria,DZA,2018,24.073999404907227
Algeria,DZA,2019,23.29800033569336
Andorra,AND,2010,11.89900016784668
Andorra,AND,2011,11.449000358581545
Andorra,AND,2012,10.605999946594238
Andorra,AND,2013,9.440999984741213
Andorra,AND,2014,9.531999588012695
Andorra,AND,2015,9.927000045776367
Andorra,AND,2016,9.4399995803833
Andorra,AND,2017,8.418999671936035
Andorra,AND,2018,7.947000026702881
Andorra,AND,2019,7.778999805450439
Antigua and Barbuda,ATG,2010,14.71500015258789
Antigua and Barbuda,ATG,2011,14.312999725341797
Antigua and Barbuda,ATG,2012,13.496999740600586
Antigua and Barbuda,ATG,2013,12.468999862670898
Antigua and Barbuda,ATG,2014,12.324999809265137
Antigua and Barbuda,ATG,2015,12.590999603271484
Antigua and Barbuda,ATG,2016,11.659000396728516
Antigua and Barbuda,ATG,2017,11.788999557495115
Antigua and Barbuda,ATG,2018,10.815999984741213
Antigua and Barbuda,ATG,2019,11.484999656677246
Argentina,ARG,2010,17.8700008392334
Argentina,ARG,2011,17.805999755859375
Argentina,ARG,2012,17.729000091552734
Argentina,ARG,2013,17.631999969482422
Argentina,ARG,2014,17.503999710083008
Argentina,ARG,2015,17.34600067138672
Argentina,ARG,2016,16.823999404907227
Argentina,ARG,2017,16.20599937438965
Argentina,ARG,2018,15.187000274658203
Argentina,ARG,2019,14.782999992370604
Armenia,ARM,2010,13.89799976348877
Armenia,ARM,2011,14.04599952697754
Armenia,ARM,2012,15.093999862670898
Armenia,ARM,2013,15.05500030517578
Armenia,ARM,2014,15.842000007629396
Armenia,ARM,2015,14.640999794006348
Armenia,ARM,2016,14.503999710083008
Armenia,ARM,2017,13.605999946594238
Armenia,ARM,2018,13.307000160217283
Armenia,ARM,2019,12.892000198364258
Aruba,ABW,2010,12.192999839782717
Aruba,ABW,2011,12.246000289916992
Aruba,ABW,2012,12.722999572753906
Aruba,ABW,2013,13.315999984741213
Aruba,ABW,2014,13.532999992370604
Aruba,ABW,2015,12.428000450134276
Aruba,ABW,2016,12.300000190734863
Aruba,ABW,2017,11.529999732971191
Aruba,ABW,2018,9.880999565124512
Aruba,ABW,2019,9.137999534606934
Australia,AUS,2010,13.680999755859377
Australia,AUS,2011,13.475000381469728
Australia,AUS,2012,13.54699993133545
Australia,AUS,2013,13.281999588012695
Australia,AUS,2014,12.819000244140623
Australia,AUS,2015,12.869999885559082
Australia,AUS,2016,12.854999542236328
Australia,AUS,2017,12.73900032043457
Australia,AUS,2018,12.87600040435791
Australia,AUS,2019,12.09000015258789
Austria,AUT,2010,9.345999717712402
Austria,AUT,2011,9.293999671936035
Austria,AUT,2012,9.324000358581545
Austria,AUT,2013,9.33199977874756
Austria,AUT,2014,9.517000198364258
Austria,AUT,2015,9.727999687194824
Austria,AUT,2016,9.975000381469728
Austria,AUT,2017,9.925000190734863
Austria,AUT,2018,9.666000366210938
Austria,AUT,2019,9.5649995803833
Azerbaijan,AZE,2010,19.878999710083008
Azerbaijan,AZE,2011,20.22599983215332
Azerbaijan,AZE,2012,20.31800079345703
Azerbaijan,AZE,2013,20.097000122070312
Azerbaijan,AZE,2014,19.61400032043457
Azerbaijan,AZE,2015,18.63800048828125
Azerbaijan,AZE,2016,17.238000869750977
Azerbaijan,AZE,2017,14.71399974822998
Azerbaijan,AZE,2018,14.076000213623049
Azerbaijan,AZE,2019,14.366000175476074
Bahrain,BHR,2010,15.845000267028809
Bahrain,BHR,2011,15.758999824523926
Bahrain,BHR,2012,15.954999923706056
Bahrain,BHR,2013,15.862000465393066
Bahrain,BHR,2014,15.95300006866455
Bahrain,BHR,2015,15.791000366210938
Bahrain,BHR,2016,15.180999755859377
Bahrain,BHR,2017,14.505999565124512
Bahrain,BHR,2018,13.817999839782717
Bahrain,BHR,2019,13.197999954223633
Bangladesh,BGD,2010,21.378999710083008
Bangladesh,BGD,2011,20.569000244140625
Bangladesh,BGD,2012,20.117000579833984
Bangladesh,BGD,2013,19.899999618530277
Bangladesh,BGD,2014,19.53700065612793
Bangladesh,BGD,2015,19.15800094604492
Bangladesh,BGD,2016,19.00200080871582
Bangladesh,BGD,2017,18.4950008392334
Bangladesh,BGD,2018,18.46199989318848
Bangladesh,BGD,2019,18.350000381469727
Barbados,BRB,2010,12.114999771118164
Barbados,BRB,2011,11.845999717712402
Barbados,BRB,2012,11.602999687194824
Barbados,BRB,2013,11.392000198364258
Barbados,BRB,2014,11.220999717712402
Barbados,BRB,2015,11.095000267028809
Barbados,BRB,2016,11.008999824523926
Barbados,BRB,2017,10.95199966430664
Barbados,BRB,2018,10.913000106811523
Barbados,BRB,2019,10.885000228881836
Belgium,BEL,2010,11.850000381469728
Belgium,BEL,2011,11.574999809265137
Belgium,BEL,2012,11.437999725341797
Belgium,BEL,2013,11.1850004196167
Belgium,BEL,2014,11.071000099182127
Belgium,BEL,2015,10.810999870300291
Belgium,BEL,2016,10.720000267028809
Belgium,BEL,2017,10.505000114440918
Belgium,BEL,2018,10.336000442504885
Belgium,BEL,2019,10.11400032043457
Bolivia,BOL,2010,25.749000549316406
Bolivia,BOL,2011,25.33799934387207
Bolivia,BOL,2012,24.93400001525879
Bolivia,BOL,2013,24.541000366210938
Bolivia,BOL,2014,24.13999938964844
Bolivia,BOL,2015,23.739999771118164
Bolivia,BOL,2016,23.354999542236328
Bolivia,BOL,2017,22.98600006103516
Bolivia,BOL,2018,22.63400077819824
Bolivia,BOL,2019,22.322999954223636
Bosnia and Herzegovina,BIH,2010,9.491999626159668
Bosnia and Herzegovina,BIH,2011,8.878000259399414
Bosnia and Herzegovina,BIH,2012,9.211000442504885
Bosnia and Herzegovina,BIH,2013,8.949000358581543
Bosnia and Herzegovina,BIH,2014,8.767999649047852
Bosnia and Herzegovina,BIH,2015,8.842000007629395
Bosnia and Herzegovina,BIH,2016,8.95300006866455
Bosnia and Herzegovina,BIH,2017,9.020000457763672
Bosnia and Herzegovina,BIH,2018,9.06700038909912
Bosnia and Herzegovina,BIH,2019,8.819000244140625
Botswana,BWA,2010,27.89800071716309
Botswana,BWA,2011,27.59600067138672
Botswana,BWA,2012,27.40699958801269
Botswana,BWA,2013,27.097000122070312
Botswana,BWA,2014,26.770999908447266
Botswana,BWA,2015,26.40900039672852
Botswana,BWA,2016,26.1299991607666
Botswana,BWA,2017,25.67200088500977
Botswana,BWA,2018,25.327999114990234
Botswana,BWA,2019,24.886999130249023
Brazil,BRA,2010,15.491999626159668
Brazil,BRA,2011,15.309000015258787
Brazil,BRA,2012,14.939000129699709
Brazil,BRA,2013,14.6899995803833
Brazil,BRA,2014,14.753000259399414
Brazil,BRA,2015,14.72700023651123
Brazil,BRA,2016,14.050999641418455
Brazil,BRA,2017,14.159000396728516
Brazil,BRA,2018,14.133000373840332
Brazil,BRA,2019,13.633000373840332
Brunei,BRN,2010,17.128000259399414
Brunei,BRN,2011,17.3439998626709
Brunei,BRN,2012,17.333999633789062
Brunei,BRN,2013,17.202999114990234
Brunei,BRN,2014,16.941999435424805
Brunei,BRN,2015,16.54599952697754
Brunei,BRN,2016,16.054000854492188
Brunei,BRN,2017,15.543999671936035
Brunei,BRN,2018,15.050000190734863
Brunei,BRN,2019,14.585000038146973
Bulgaria,BGR,2010,10.32900047302246
Bulgaria,BGR,2011,9.767999649047852
Bulgaria,BGR,2012,9.5
Bulgaria,BGR,2013,9.22599983215332
Bulgaria,BGR,2014,9.338000297546388
Bulgaria,BGR,2015,9.208999633789062
Bulgaria,BGR,2016,9.109999656677246
Bulgaria,BGR,2017,9.005000114440918
Bulgaria,BGR,2018,8.819999694824219
Bulgaria,BGR,2019,8.732999801635742
Cambodia,KHM,2010,23.66900062561035
Cambodia,KHM,2011,23.36899948120117
Cambodia,KHM,2012,23.29400062561035
Cambodia,KHM,2013,23.03499984741211
Cambodia,KHM,2014,22.774999618530277
Cambodia,KHM,2015,22.343000411987305
Cambodia,KHM,2016,21.86400032043457
Cambodia,KHM,2017,21.347999572753903
Cambodia,KHM,2018,20.80500030517578
Cambodia,KHM,2019,20.280000686645508
Canada,CAN,2010,11.01200008392334
Canada,CAN,2011,10.932000160217283
Canada,CAN,2012,10.937999725341797
Canada,CAN,2013,10.76099967956543
Canada,CAN,2014,10.718000411987305
Canada,CAN,2015,10.42099952697754
Canada,CAN,2016,10.274999618530272
Canada,CAN,2017,10.272000312805176
Canada,CAN,2018,10.020999908447266
Canada,CAN,2019,9.737000465393066
Cayman Islands,CYM,2010,15.76099967956543
Cayman Islands,CYM,2011,14.70699977874756
Cayman Islands,CYM,2012,13.769000053405762
Cayman Islands,CYM,2013,12.305999755859377
Cayman Islands,CYM,2014,12.017000198364258
Cayman Islands,CYM,2015,10.34000015258789
Cayman Islands,CYM,2016,10.243000030517578
Cayman Islands,CYM,2017,9.482999801635742
Cayman Islands,CYM,2018,9.723999977111816
Cayman Islands,CYM,2019,10.10200023651123
Chile,CHL,2010,14.32699966430664
Chile,CHL,2011,14.109000205993652
Chile,CHL,2012,13.857000350952148
Chile,CHL,2013,13.696999549865724
Chile,CHL,2014,13.545000076293944
Chile,CHL,2015,13.211000442504885
Chile,CHL,2016,12.699999809265137
Chile,CHL,2017,12.130000114440918
Chile,CHL,2018,11.9399995803833
Chile,CHL,2019,11.854999542236328
China,CHN,2010,13.30799961090088
China,CHN,2011,13.13599967956543
China,CHN,2012,14.06999969482422
China,CHN,2013,13.269000053405762
China,CHN,2014,13.505999565124512
China,CHN,2015,12.522000312805176
China,CHN,2016,13.038000106811523
China,CHN,2017,13.0649995803833
China,CHN,2018,10.947999954223633
China,CHN,2019,10.29300022125244
Colombia,COL,2010,16.909000396728516
Colombia,COL,2011,16.608999252319336
Colombia,COL,2012,16.3439998626709
Colombia,COL,2013,16.08799934387207
Colombia,COL,2014,15.833999633789062
Colombia,COL,2015,15.585000038146973
Colombia,COL,2016,15.352999687194824
Colombia,COL,2017,15.081000328063965
Colombia,COL,2018,14.840999603271484
Colombia,COL,2019,14.682000160217283
Cook Islands,COK,2010,19.16200065612793
Cook Islands,COK,2011,19.006999969482425
Cook Islands,COK,2012,18.61400032043457
Cook Islands,COK,2013,18.198999404907227
Cook Islands,COK,2014,17.79400062561035
Cook Islands,COK,2015,17.48900032043457
Cook Islands,COK,2016,17.2450008392334
Cook Islands,COK,2017,16.986000061035156
Cook Islands,COK,2018,16.71500015258789
Cook Islands,COK,2019,16.516000747680664
Costa Rica,CRI,2010,16.040000915527344
Costa Rica,CRI,2011,15.772000312805176
Costa Rica,CRI,2012,15.482999801635742
Costa Rica,CRI,2013,15.093000411987305
Costa Rica,CRI,2014,14.85200023651123
Costa Rica,CRI,2015,14.522000312805176
Costa Rica,CRI,2016,14.145000457763672
Costa Rica,CRI,2017,13.925999641418455
Costa Rica,CRI,2018,13.562000274658203
Costa Rica,CRI,2019,12.847000122070312
Croatia,HRV,2010,10.201000213623049
Croatia,HRV,2011,9.743000030517578
Croatia,HRV,2012,9.80500030517578
Croatia,HRV,2013,9.42300033569336
Croatia,HRV,2014,9.288999557495115
Croatia,HRV,2015,8.875
Croatia,HRV,2016,8.904999732971191
Croatia,HRV,2017,8.817999839782715
Croatia,HRV,2018,8.979999542236328
Croatia,HRV,2019,8.87399959564209
Cuba,CUB,2010,11.416999816894531
Cuba,CUB,2011,11.760000228881836
Cuba,CUB,2012,11.190999984741213
Cuba,CUB,2013,11.121999740600586
Cuba,CUB,2014,10.859999656677246
Cuba,CUB,2015,10.972000122070312
Cuba,CUB,2016,10.35099983215332
Cuba,CUB,2017,10.182000160217283
Cuba,CUB,2018,10.347999572753906
Cuba,CUB,2019,9.751999855041504
Cyprus,CYP,2010,12.045000076293944
Cyprus,CYP,2011,11.506999969482422
Cyprus,CYP,2012,11.76200008392334
Cyprus,CYP,2013,11.088000297546388
Cyprus,CYP,2014,11.163000106811523
Cyprus,CYP,2015,11.208000183105469
Cyprus,CYP,2016,11.418999671936035
Cyprus,CYP,2017,10.994000434875488
Cyprus,CYP,2018,10.843000411987305
Cyprus,CYP,2019,10.793999671936035
Czechia,CZE,2010,11.145000457763672
Czechia,CZE,2011,10.395999908447266
Czechia,CZE,2012,10.317999839782717
Czechia,CZE,2013,10.166999816894531
Czechia,CZE,2014,10.413000106811523
Czechia,CZE,2015,10.467000007629396
Czechia,CZE,2016,10.595000267028809
Czechia,CZE,2017,10.699999809265137
Czechia,CZE,2018,10.62399959564209
Czechia,CZE,2019,10.416999816894531
Denmark,DNK,2010,11.33199977874756
Denmark,DNK,2011,10.585000038146973
Denmark,DNK,2012,10.314000129699709
Denmark,DNK,2013,9.901000022888184
Denmark,DNK,2014,10.04599952697754
Denmark,DNK,2015,10.211999893188477
Denmark,DNK,2016,10.637999534606934
Denmark,DNK,2017,10.534000396728516
Denmark,DNK,2018,10.508999824523926
Denmark,DNK,2019,10.45199966430664
Dominican Republic,DOM,2010,22.038000106811523
Dominican Republic,DOM,2011,21.79199981689453
Dominican Republic,DOM,2012,21.45400047302246
Dominican Republic,DOM,2013,21.166000366210938
Dominican Republic,DOM,2014,20.867000579833984
Dominican Republic,DOM,2015,20.59600067138672
Dominican Republic,DOM,2016,20.257999420166016
Dominican Republic,DOM,2017,19.993000030517575
Dominican Republic,DOM,2018,19.761999130249023
Dominican Republic,DOM,2019,19.291000366210938
Ecuador,ECU,2010,21.892000198364254
Ecuador,ECU,2011,21.70199966430664
Ecuador,ECU,2012,21.003999710083008
Ecuador,ECU,2013,20.100000381469727
Ecuador,ECU,2014,19.339000701904297
Ecuador,ECU,2015,18.739999771118164
Ecuador,ECU,2016,18.224000930786133
Ecuador,ECU,2017,17.996000289916992
Ecuador,ECU,2018,17.658000946044922
Ecuador,ECU,2019,17.33799934387207
Egypt,EGY,2010,27.15999984741211
Egypt,EGY,2011,27.378999710083008
Egypt,EGY,2012,27.97800064086914
Egypt,EGY,2013,28.45499992370605
Egypt,EGY,2014,28.416000366210938
Egypt,EGY,2015,28.077999114990234
Egypt,EGY,2016,25.913000106811523
Egypt,EGY,2017,25.231000900268555
Egypt,EGY,2018,24.562000274658203
Egypt,EGY,2019,23.56800079345703
El Salvador,SLV,2010,19.42799949645996
El Salvador,SLV,2011,19.371999740600582
El Salvador,SLV,2012,19.150999069213867
El Salvador,SLV,2013,18.9689998626709
El Salvador,SLV,2014,18.80900001525879
El Salvador,SLV,2015,18.4060001373291
El Salvador,SLV,2016,17.56599998474121
El Salvador,SLV,2017,16.974000930786133
El Salvador,SLV,2018,16.535999298095703
El Salvador,SLV,2019,16.416000366210938
Estonia,EST,2010,11.85200023651123
Estonia,EST,2011,11.104000091552734
Estonia,EST,2012,10.647000312805176
Estonia,EST,2013,10.303999900817873
Estonia,EST,2014,10.324000358581545
Estonia,EST,2015,10.505000114440918
Estonia,EST,2016,10.661999702453612
Estonia,EST,2017,10.505999565124512
Estonia,EST,2018,10.831000328063965
Estonia,EST,2019,10.690999984741213
Ethiopia,ETH,2010,36.52799987792969
Ethiopia,ETH,2011,35.84600067138672
Ethiopia,ETH,2012,34.845001220703125
Ethiopia,ETH,2013,33.9379997253418
Ethiopia,ETH,2014,33.55400085449219
Ethiopia,ETH,2015,33.428001403808594
Ethiopia,ETH,2016,33.314998626708984
Ethiopia,ETH,2017,33.05899810791016
Ethiopia,ETH,2018,32.99599838256836
Ethiopia,ETH,2019,33.12300109863281
Fiji,FJI,2010,22.66399955749512
Fiji,FJI,2011,22.125999450683597
Fiji,FJI,2012,21.924999237060547
Fiji,FJI,2013,21.834999084472656
Fiji,FJI,2014,21.683000564575195
Fiji,FJI,2015,21.450000762939453
Fiji,FJI,2016,21.049999237060547
Fiji,FJI,2017,20.549999237060547
Fiji,FJI,2018,20.187000274658203
Fiji,FJI,2019,19.96199989318848
Finland,FIN,2010,11.321000099182127
Finland,FIN,2011,11.121000289916992
Finland,FIN,2012,10.984000205993652
Finland,FIN,2013,10.678000450134276
Finland,FIN,2014,10.447999954223633
Finland,FIN,2015,10.102999687194824
Finland,FIN,2016,9.60200023651123
Finland,FIN,2017,9.121000289916992
Finland,FIN,2018,8.628999710083008
Finland,FIN,2019,8.305999755859375
France,FRA,2010,12.78499984741211
France,FRA,2011,12.550000190734863
France,FRA,2012,12.432000160217283
France,FRA,2013,12.241000175476074
France,FRA,2014,12.170000076293944
France,FRA,2015,11.795000076293944
France,FRA,2016,11.50100040435791
France,FRA,2017,11.241999626159668
France,FRA,2018,11.053000450134276
France,FRA,2019,10.890999794006348
French Polynesia,PYF,2010,17.3799991607666
French Polynesia,PYF,2011,16.604999542236328
French Polynesia,PYF,2012,16.231000900268555
French Polynesia,PYF,2013,15.576000213623049
French Polynesia,PYF,2014,15.579999923706056
French Polynesia,PYF,2015,15.036999702453612
French Polynesia,PYF,2016,14.508000373840332
French Polynesia,PYF,2017,14.015000343322754
French Polynesia,PYF,2018,13.777000427246094
French Polynesia,PYF,2019,13.088000297546388
Georgia,GEO,2010,15.109000205993652
Georgia,GEO,2011,14.937000274658203
Georgia,GEO,2012,14.842000007629396
Georgia,GEO,2013,15.10200023651123
Georgia,GEO,2014,15.44200038909912
Georgia,GEO,2015,15.789999961853027
Georgia,GEO,2016,15.470999717712402
Georgia,GEO,2017,14.855999946594238
Georgia,GEO,2018,14.395000457763672
Georgia,GEO,2019,13.451000213623049
Germany,DEU,2010,8.319000244140625
Germany,DEU,2011,8.282999992370605
Germany,DEU,2012,8.41100025177002
Germany,DEU,2013,8.484000205993652
Germany,DEU,2014,8.817000389099121
Germany,DEU,2015,9.036999702453612
Germany,DEU,2016,9.552000045776367
Germany,DEU,2017,9.506999969482422
Germany,DEU,2018,9.42300033569336
Germany,DEU,2019,9.303999900817873
Ghana,GHA,2010,33.00400161743164
Ghana,GHA,2011,32.957000732421875
Ghana,GHA,2012,32.8849983215332
Ghana,GHA,2013,32.53499984741211
Ghana,GHA,2014,31.833999633789062
Ghana,GHA,2015,31.71299934387207
Ghana,GHA,2016,30.527000427246094
Ghana,GHA,2017,28.97800064086914
Ghana,GHA,2018,29.024999618530277
Ghana,GHA,2019,28.57200050354004
Gibraltar,GIB,2010,11.958999633789062
Gibraltar,GIB,2011,12.095999717712402
Gibraltar,GIB,2012,12.140000343322754
Gibraltar,GIB,2013,11.730999946594238
Gibraltar,GIB,2014,12.706000328063965
Gibraltar,GIB,2015,13.604000091552734
Gibraltar,GIB,2016,11.916000366210938
Gibraltar,GIB,2017,11.482000350952148
Gibraltar,GIB,2018,11.241999626159668
Gibraltar,GIB,2019,11.015000343322754
Greece,GRC,2010,10.039999961853027
Greece,GRC,2011,9.484000205993652
Greece,GRC,2012,8.993000030517578
Greece,GRC,2013,8.531999588012695
Greece,GRC,2014,8.32800006866455
Greece,GRC,2015,8.260000228881836
Greece,GRC,2016,8.251999855041504
Greece,GRC,2017,8.024999618530273
Greece,GRC,2018,7.843999862670898
Greece,GRC,2019,7.666999816894531
Grenada,GRD,2010,17.927000045776367
Grenada,GRD,2011,17.917999267578125
Grenada,GRD,2012,17.89699935913086
Grenada,GRD,2013,17.836000442504883
Grenada,GRD,2014,17.743000030517578
Grenada,GRD,2015,17.604999542236328
Grenada,GRD,2016,17.41900062561035
Grenada,GRD,2017,17.19099998474121
Grenada,GRD,2018,16.920000076293945
Grenada,GRD,2019,16.617000579833984
Guam,GUM,2010,21.16900062561035
Guam,GUM,2011,20.08799934387207
Guam,GUM,2012,21.42200088500977
Guam,GUM,2013,19.4689998626709
Guam,GUM,2014,19.614999771118164
Guam,GUM,2015,19.149999618530277
Guam,GUM,2016,19.12299919128418
Guam,GUM,2017,17.996999740600586
Guam,GUM,2018,17.020000457763672
Guam,GUM,2019,16.624000549316406
Guatemala,GTM,2010,27.524999618530277
Guatemala,GTM,2011,27.197999954223636
Guatemala,GTM,2012,26.90999984741211
Guatemala,GTM,2013,26.336000442504883
Guatemala,GTM,2014,26.07699966430664
Guatemala,GTM,2015,25.833999633789062
Guatemala,GTM,2016,25.541000366210938
Guatemala,GTM,2017,24.791000366210938
Guatemala,GTM,2018,23.929000854492188
Guatemala,GTM,2019,22.857999801635746
Guernsey,GGY,2010,9.9399995803833
Guernsey,GGY,2011,9.822999954223633
Guernsey,GGY,2012,9.741000175476074
Guernsey,GGY,2013,9.635000228881836
Guernsey,GGY,2014,9.513999938964844
Guernsey,GGY,2015,9.402000427246094
Guernsey,GGY,2016,9.269000053405762
Guernsey,GGY,2017,8.986000061035156
Guernsey,GGY,2018,9.022000312805176
Guernsey,GGY,2019,9.220999717712402
Haiti,HTI,2010,27.527000427246094
Haiti,HTI,2011,27.202999114990234
Haiti,HTI,2012,26.59499931335449
Haiti,HTI,2013,26.09000015258789
Haiti,HTI,2014,25.770999908447266
Haiti,HTI,2015,25.51000022888184
Haiti,HTI,2016,25.253999710083008
Haiti,HTI,2017,24.979999542236328
Haiti,HTI,2018,24.57900047302246
Haiti,HTI,2019,24.304000854492188
Honduras,HND,2010,25.392000198364254
Honduras,HND,2011,24.71699905395508
Honduras,HND,2012,24.11100006103516
Honduras,HND,2013,23.569000244140625
Honduras,HND,2014,23.12299919128418
Honduras,HND,2015,22.750999450683597
Honduras,HND,2016,22.440000534057617
Honduras,HND,2017,22.15999984741211
Honduras,HND,2018,21.895000457763672
Honduras,HND,2019,21.62800025939941
Hong Kong,HKG,2010,9.663999557495115
Hong Kong,HKG,2011,9.869000434875488
Hong Kong,HKG,2012,10.562000274658203
Hong Kong,HKG,2013,11.086999893188477
Hong Kong,HKG,2014,10.454999923706056
Hong Kong,HKG,2015,10.64900016784668
Hong Kong,HKG,2016,10.45199966430664
Hong Kong,HKG,2017,9.597000122070312
Hong Kong,HKG,2018,8.923999786376953
Hong Kong,HKG,2019,8.347999572753906
Hungary,HUN,2010,9.067999839782717
Hungary,HUN,2011,8.892000198364258
Hungary,HUN,2012,9.0649995803833
Hungary,HUN,2013,9.074999809265137
Hungary,HUN,2014,9.411999702453612
Hungary,HUN,2015,9.366999626159668
Hungary,HUN,2016,9.68299961090088
Hungary,HUN,2017,9.633000373840332
Hungary,HUN,2018,9.539999961853027
Hungary,HUN,2019,9.470000267028809
Iceland,ISL,2010,15.409000396728516
Iceland,ISL,2011,14.16100025177002
Iceland,ISL,2012,14.128000259399414
Iceland,ISL,2013,13.383000373840332
Iceland,ISL,2014,13.3100004196167
Iceland,ISL,2015,12.489999771118164
Iceland,ISL,2016,12.027000427246094
Iceland,ISL,2017,11.78600025177002
Iceland,ISL,2018,11.928999900817873
Iceland,ISL,2019,12.288000106811523
India,IND,2010,21.4379997253418
India,IND,2011,20.94499969482422
India,IND,2012,20.42099952697754
India,IND,2013,19.934999465942383
India,IND,2014,19.048999786376957
India,IND,2015,18.76499938964844
India,IND,2016,18.513999938964844
India,IND,2017,17.910999298095703
India,IND,2018,17.650999069213867
India,IND,2019,17.048999786376953
Indonesia,IDN,2010,20.15800094604492
Indonesia,IDN,2011,20.34499931335449
Indonesia,IDN,2012,20.093000411987305
Indonesia,IDN,2013,19.41699981689453
Indonesia,IDN,2014,18.95400047302246
Indonesia,IDN,2015,18.447999954223636
Indonesia,IDN,2016,18.017000198364254
Indonesia,IDN,2017,17.518999099731445
Indonesia,IDN,2018,17.179000854492188
Indonesia,IDN,2019,16.90999984741211
Iran,IRN,2010,17.7549991607666
Iran,IRN,2011,18.16399955749512
Iran,IRN,2012,18.926000595092773
Iran,IRN,2013,19.44499969482422
Iran,IRN,2014,19.823999404907227
Iran,IRN,2015,19.42799949645996
Iran,IRN,2016,19.017000198364254
Iran,IRN,2017,18.607999801635746
Iran,IRN,2018,17.231000900268555
Iran,IRN,2019,15.118000030517578
Iraq,IRQ,2010,34.29100036621094
Iraq,IRQ,2011,35.09000015258789
Iraq,IRQ,2012,34.60300064086914
Iraq,IRQ,2013,33.82600021362305
Iraq,IRQ,2014,33.08300018310547
Iraq,IRQ,2015,31.593000411987305
Iraq,IRQ,2016,30.170000076293945
Iraq,IRQ,2017,28.92300033569336
Iraq,IRQ,2018,28.429000854492188
Iraq,IRQ,2019,28.077999114990234
Ireland,IRL,2010,16.594999313354492
Ireland,IRL,2011,16.19499969482422
Ireland,IRL,2012,15.64900016784668
Ireland,IRL,2013,15.017999649047852
Ireland,IRL,2014,14.505000114440918
Ireland,IRL,2015,13.958000183105469
Ireland,IRL,2016,13.40999984741211
Ireland,IRL,2017,12.890000343322754
Ireland,IRL,2018,12.840999603271484
Ireland,IRL,2019,12.38700008392334
Isle of Man,IMN,2010,12.826000213623049
Isle of Man,IMN,2011,11.45199966430664
Isle of Man,IMN,2012,10.907999992370604
Isle of Man,IMN,2013,10.602999687194824
Isle of Man,IMN,2014,9.831000328063965
Isle of Man,IMN,2015,9.586000442504885
Isle of Man,IMN,2016,9.359000205993652
Isle of Man,IMN,2017,9.25
Isle of Man,IMN,2018,8.9399995803833
Isle of Man,IMN,2019,8.887999534606934
Israel,ISR,2010,22.01000022888184
Israel,ISR,2011,21.70199966430664
Israel,ISR,2012,21.79800033569336
Israel,ISR,2013,21.476999282836918
Israel,ISR,2014,21.618000030517575
Israel,ISR,2015,22.520999908447266
Israel,ISR,2016,22.479999542236328
Israel,ISR,2017,21.14800071716309
Israel,ISR,2018,20.801000595092773
Israel,ISR,2019,21.43400001525879
Italy,ITA,2010,9.4350004196167
Italy,ITA,2011,9.152999877929688
Italy,ITA,2012,8.892000198364258
Italy,ITA,2013,8.484999656677246
Italy,ITA,2014,8.211000442504883
Italy,ITA,2015,7.947999954223633
Italy,ITA,2016,7.751999855041504
Italy,ITA,2017,7.519000053405762
Italy,ITA,2018,7.22100019454956
Italy,ITA,2019,7.001999855041504
Jamaica,JAM,2010,15.32900047302246
Jamaica,JAM,2011,15.263999938964844
Jamaica,JAM,2012,15.036999702453612
Jamaica,JAM,2013,14.539999961853027
Jamaica,JAM,2014,13.960000038146973
Jamaica,JAM,2015,14.123000144958496
Jamaica,JAM,2016,13.470000267028809
Jamaica,JAM,2017,12.748000144958496
Jamaica,JAM,2018,12.220000267028809
Jamaica,JAM,2019,11.994000434875488
Japan,JPN,2010,8.555000305175781
Japan,JPN,2011,8.38599967956543
Japan,JPN,2012,8.321999549865723
Japan,JPN,2013,8.267000198364258
Japan,JPN,2014,8.067999839782715
Japan,JPN,2015,8.027000427246094
Japan,JPN,2016,7.808000087738037
Japan,JPN,2017,7.247000217437744
Japan,JPN,2018,7.015999794006348
Japan,JPN,2019,6.663000106811523
Jersey,JEY,2010,11.937000274658203
Jersey,JEY,2011,11.75100040435791
Jersey,JEY,2012,11.37600040435791
Jersey,JEY,2013,11.050999641418455
Jersey,JEY,2014,10.812999725341797
Jersey,JEY,2015,10.545000076293944
Jersey,JEY,2016,10.418999671936035
Jersey,JEY,2017,10.23799991607666
Jersey,JEY,2018,10.154999732971191
Jersey,JEY,2019,10.26099967956543
Jordan,JOR,2010,28.604999542236328
Jordan,JOR,2011,27.84000015258789
Jordan,JOR,2012,27.01799964904785
Jordan,JOR,2013,26.207000732421875
Jordan,JOR,2014,25.39800071716309
Jordan,JOR,2015,24.44099998474121
Jordan,JOR,2016,23.70800018310547
Jordan,JOR,2017,23.37700080871582
Jordan,JOR,2018,22.999000549316406
Jordan,JOR,2019,22.600000381469727
Kazakhstan,KAZ,2010,22.229999542236328
Kazakhstan,KAZ,2011,22.20499992370605
Kazakhstan,KAZ,2012,22.3700008392334
Kazakhstan,KAZ,2013,22.34600067138672
Kazakhstan,KAZ,2014,22.753999710083008
Kazakhstan,KAZ,2015,22.42200088500977
Kazakhstan,KAZ,2016,22.24399948120117
Kazakhstan,KAZ,2017,21.36000061035156
Kazakhstan,KAZ,2018,21.625999450683597
Kazakhstan,KAZ,2019,21.52300071716309
Kenya,KEN,2010,35.422000885009766
Kenya,KEN,2011,34.2400016784668
Kenya,KEN,2012,33.17399978637695
Kenya,KEN,2013,32.12699890136719
Kenya,KEN,2014,31.29800033569336
Kenya,KEN,2015,30.957000732421875
Kenya,KEN,2016,30.400999069213867
Kenya,KEN,2017,29.7549991607666
Kenya,KEN,2018,29.18000030517578
Kenya,KEN,2019,28.459999084472656
Kuwait,KWT,2010,21.202999114990234
Kuwait,KWT,2011,20.948999404907227
Kuwait,KWT,2012,20.035999298095703
Kuwait,KWT,2013,19.11899948120117
Kuwait,KWT,2014,18.233999252319336
Kuwait,KWT,2015,16.892000198364258
Kuwait,KWT,2016,14.800000190734863
Kuwait,KWT,2017,14.38599967956543
Kuwait,KWT,2018,13.442999839782717
Kuwait,KWT,2019,12.437000274658203
Laos,LAO,2010,27.04199981689453
Laos,LAO,2011,26.46699905395508
Laos,LAO,2012,25.81100082397461
Laos,LAO,2013,25.2450008392334
Laos,LAO,2014,24.697999954223636
Laos,LAO,2015,24.44499969482422
Laos,LAO,2016,24.131000518798828
Laos,LAO,2017,23.71500015258789
Laos,LAO,2018,23.238000869750977
Laos,LAO,2019,22.785999298095703
Latvia,LVA,2010,9.531999588012695
Latvia,LVA,2011,9.276000022888184
Latvia,LVA,2012,9.845000267028809
Latvia,LVA,2013,10.31999969482422
Latvia,LVA,2014,10.944000244140623
Latvia,LVA,2015,11.128000259399414
Latvia,LVA,2016,11.145999908447266
Latvia,LVA,2017,10.657999992370604
Latvia,LVA,2018,10.019000053405762
Latvia,LVA,2019,9.732999801635742
Lebanon,LBN,2010,17.565000534057617
Lebanon,LBN,2011,17.865999221801758
Lebanon,LBN,2012,17.89900016784668
Lebanon,LBN,2013,17.871999740600586
Lebanon,LBN,2014,17.889999389648438
Lebanon,LBN,2015,17.763999938964844
Lebanon,LBN,2016,17.395000457763672
Lebanon,LBN,2017,16.90399932861328
Lebanon,LBN,2018,16.31100082397461
Lebanon,LBN,2019,15.821999549865724
Libya,LBY,2010,23.562000274658203
Libya,LBY,2011,23.88500022888184
Libya,LBY,2012,21.952999114990234
Libya,LBY,2013,21.88599967956543
Libya,LBY,2014,21.90800094604492
Libya,LBY,2015,21.214000701904297
Libya,LBY,2016,20.576000213623047
Libya,LBY,2017,19.89800071716309
Libya,LBY,2018,19.28199958801269
Libya,LBY,2019,18.73200035095215
Lithuania,LTU,2010,9.979999542236328
Lithuania,LTU,2011,10.187000274658203
Lithuania,LTU,2012,10.390999794006348
Lithuania,LTU,2013,10.27299976348877
Lithuania,LTU,2014,10.434000015258787
Lithuania,LTU,2015,10.767000198364258
Lithuania,LTU,2016,10.595999717712402
Lithuania,LTU,2017,10.164999961853027
Lithuania,LTU,2018,10.06700038909912
Lithuania,LTU,2019,9.83199977874756
Luxembourg,LUX,2010,11.437000274658203
Luxembourg,LUX,2011,10.817999839782717
Luxembourg,LUX,2012,11.234999656677246
Luxembourg,LUX,2013,11.144000053405762
Luxembourg,LUX,2014,10.82800006866455
Luxembourg,LUX,2015,10.630999565124512
Luxembourg,LUX,2016,10.33899974822998
Luxembourg,LUX,2017,10.258999824523926
Luxembourg,LUX,2018,10.218000411987305
Luxembourg,LUX,2019,10.031999588012695
Madagascar,MDG,2010,36.04100036621094
Madagascar,MDG,2011,35.0629997253418
Madagascar,MDG,2012,34.270999908447266
Madagascar,MDG,2013,33.69900131225586
Madagascar,MDG,2014,33.07899856567383
Madagascar,MDG,2015,32.76499938964844
Madagascar,MDG,2016,32.75899887084961
Madagascar,MDG,2017,32.47700119018555
Madagascar,MDG,2018,32.0880012512207
Madagascar,MDG,2019,31.701000213623047
Malawi,MWI,2010,40.82500076293945
Malawi,MWI,2011,39.88999938964844
Malawi,MWI,2012,38.79399871826172
Malawi,MWI,2013,37.84999847412109
Malawi,MWI,2014,36.79100036621094
Malawi,MWI,2015,35.766998291015625
Malawi,MWI,2016,34.82400131225586
Malawi,MWI,2017,34.34299850463867
Malawi,MWI,2018,33.92499923706055
Malawi,MWI,2019,33.597999572753906
Malaysia,MYS,2010,17.00200080871582
Malaysia,MYS,2011,17.26099967956543
Malaysia,MYS,2012,17.208999633789062
Malaysia,MYS,2013,17.225000381469727
Malaysia,MYS,2014,17.312999725341797
Malaysia,MYS,2015,17.10099983215332
Malaysia,MYS,2016,16.684999465942383
Malaysia,MYS,2017,16.354999542236328
Malaysia,MYS,2018,15.977999687194824
Malaysia,MYS,2019,15.579999923706056
Maldives,MDV,2010,21.165000915527344
Maldives,MDV,2011,20.527000427246094
Maldives,MDV,2012,19.864999771118164
Maldives,MDV,2013,18.895000457763672
Maldives,MDV,2014,18.04400062561035
Maldives,MDV,2015,17.46500015258789
Maldives,MDV,2016,16.79400062561035
Maldives,MDV,2017,16.125999450683594
Maldives,MDV,2018,15.531000137329102
Maldives,MDV,2019,15.00100040435791
Mali,MLI,2010,46.5880012512207
Mali,MLI,2011,46.23400115966797
Mali,MLI,2012,45.917999267578125
Mali,MLI,2013,45.27099990844727
Mali,MLI,2014,44.79399871826172
Mali,MLI,2015,44.34199905395508
Mali,MLI,2016,43.81800079345703
Mali,MLI,2017,43.37799835205078
Mali,MLI,2018,42.9010009765625
Mali,MLI,2019,42.3759994506836
Malta,MLT,2010,9.446999549865724
Malta,MLT,2011,9.958999633789062
Malta,MLT,2012,9.902000427246094
Malta,MLT,2013,9.545000076293944
Malta,MLT,2014,9.74899959564209
Malta,MLT,2015,9.817999839782717
Malta,MLT,2016,9.907999992370604
Malta,MLT,2017,9.310999870300291
Malta,MLT,2018,9.1850004196167
Malta,MLT,2019,8.67300033569336
Mauritius,MUS,2010,12.027999877929688
Mauritius,MUS,2011,11.85099983215332
Mauritius,MUS,2012,11.699999809265137
Mauritius,MUS,2013,10.79800033569336
Mauritius,MUS,2014,10.729999542236328
Mauritius,MUS,2015,10.24899959564209
Mauritius,MUS,2016,10.388999938964844
Mauritius,MUS,2017,10.61299991607666
Mauritius,MUS,2018,10.361000061035156
Mauritius,MUS,2019,10.243000030517578
Mexico,MEX,2010,20.152000427246094
Mexico,MEX,2011,19.91699981689453
Mexico,MEX,2012,19.63500022888184
Mexico,MEX,2013,19.326000213623047
Mexico,MEX,2014,18.711000442504883
Mexico,MEX,2015,17.968000411987305
Mexico,MEX,2016,17.420000076293945
Mexico,MEX,2017,16.94700050354004
Mexico,MEX,2018,16.46500015258789
Mexico,MEX,2019,15.710000038146973
Moldova,MDA,2010,14.265000343322754
Moldova,MDA,2011,13.86400032043457
Moldova,MDA,2012,13.746000289916992
Moldova,MDA,2013,13.59000015258789
Moldova,MDA,2014,14.802000045776367
Moldova,MDA,2015,14.89900016784668
Moldova,MDA,2016,14.76099967956543
Moldova,MDA,2017,13.80500030517578
Moldova,MDA,2018,13.442999839782717
Moldova,MDA,2019,12.894000053405762
Monaco,MCO,2010,10.425000190734863
Monaco,MCO,2011,9.663999557495115
Monaco,MCO,2012,9.642999649047852
Monaco,MCO,2013,9.435999870300291
Monaco,MCO,2014,9.70699977874756
Monaco,MCO,2015,9.484000205993652
Monaco,MCO,2016,9.468999862670898
Monaco,MCO,2017,8.972000122070312
Monaco,MCO,2018,9.210000038146973
Monaco,MCO,2019,8.982999801635742
Mongolia,MNG,2010,23.349000930786133
Mongolia,MNG,2011,24.1299991607666
Mongolia,MNG,2012,25.29700088500977
Mongolia,MNG,2013,26.33300018310547
Mongolia,MNG,2014,26.677000045776367
Mongolia,MNG,2015,26.351999282836918
Mongolia,MNG,2016,25.364999771118164
Mongolia,MNG,2017,24.222000122070312
Mongolia,MNG,2018,23.836000442504883
Mongolia,MNG,2019,23.29199981689453
Montenegro,MNE,2010,12.43299961090088
Montenegro,MNE,2011,11.935999870300291
Montenegro,MNE,2012,12.289999961853027
Montenegro,MNE,2013,12.32699966430664
Montenegro,MNE,2014,12.378999710083008
Montenegro,MNE,2015,12.16800022125244
Montenegro,MNE,2016,12.371000289916992
Montenegro,MNE,2017,12.175000190734863
Montenegro,MNE,2018,11.906000137329102
Montenegro,MNE,2019,11.770000457763672
Morocco,MAR,2010,21.402000427246094
Morocco,MAR,2011,21.506999969482425
Morocco,MAR,2012,21.304000854492188
Morocco,MAR,2013,21.141000747680664
Morocco,MAR,2014,20.617000579833984
Morocco,MAR,2015,20.30699920654297
Morocco,MAR,2016,19.482999801635746
Morocco,MAR,2017,19.29800033569336
Morocco,MAR,2018,18.8129997253418
Morocco,MAR,2019,18.33699989318848
Mozambique,MOZ,2010,42.01300048828125
Mozambique,MOZ,2011,41.60499954223633
Mozambique,MOZ,2012,41.07899856567383
Mozambique,MOZ,2013,40.54800033569336
Mozambique,MOZ,2014,39.25400161743164
Mozambique,MOZ,2015,38.797000885009766
Mozambique,MOZ,2016,38.4370002746582
Mozambique,MOZ,2017,38.12699890136719
Mozambique,MOZ,2018,37.75299835205078
Mozambique,MOZ,2019,37.345001220703125
Namibia,NAM,2010,30.42300033569336
Namibia,NAM,2011,30.775999069213867
Namibia,NAM,2012,31.054000854492188
Namibia,NAM,2013,30.878999710083008
Namibia,NAM,2014,30.715999603271484
Namibia,NAM,2015,30.393999099731445
Namibia,NAM,2016,30.051000595092773
Namibia,NAM,2017,29.50300025939941
Namibia,NAM,2018,29.007999420166016
Namibia,NAM,2019,28.433000564575195
Nepal,NPL,2010,22.589000701904297
Nepal,NPL,2011,22.371999740600582
Nepal,NPL,2012,22.334999084472656
Nepal,NPL,2013,22.246999740600582
Nepal,NPL,2014,22.21999931335449
Nepal,NPL,2015,22.049999237060547
Nepal,NPL,2016,21.763999938964844
Nepal,NPL,2017,21.375999450683597
Nepal,NPL,2018,21.025999069213867
Nepal,NPL,2019,20.868000030517575
Netherlands,NLD,2010,11.055999755859377
Netherlands,NLD,2011,10.765000343322754
Netherlands,NLD,2012,10.491000175476074
Netherlands,NLD,2013,10.208000183105469
Netherlands,NLD,2014,10.383000373840332
Netherlands,NLD,2015,10.126999855041504
Netherlands,NLD,2016,10.159000396728516
Netherlands,NLD,2017,9.95699977874756
Netherlands,NLD,2018,9.809000015258787
Netherlands,NLD,2019,9.79800033569336
New Zealand,NZL,2010,14.588000297546388
New Zealand,NZL,2011,13.984000205993652
New Zealand,NZL,2012,13.826000213623049
New Zealand,NZL,2013,13.14900016784668
New Zealand,NZL,2014,12.640000343322754
New Zealand,NZL,2015,13.130999565124512
New Zealand,NZL,2016,12.595000267028809
New Zealand,NZL,2017,12.824999809265137
New Zealand,NZL,2018,11.862000465393066
New Zealand,NZL,2019,12.85099983215332
Nicaragua,NIC,2010,24.104999542236328
Nicaragua,NIC,2011,23.881000518798828
Nicaragua,NIC,2012,23.64699935913086
Nicaragua,NIC,2013,23.38500022888184
Nicaragua,NIC,2014,23.10300064086914
Nicaragua,NIC,2015,22.79700088500977
Nicaragua,NIC,2016,22.458999633789062
Nicaragua,NIC,2017,22.09000015258789
Nicaragua,NIC,2018,21.70400047302246
Nicaragua,NIC,2019,21.30500030517578
Nigeria,NGA,2010,42.09400177001953
Nigeria,NGA,2011,41.79800033569336
Nigeria,NGA,2012,41.24100112915039
Nigeria,NGA,2013,40.60300064086914
Nigeria,NGA,2014,40.06900024414063
Nigeria,NGA,2015,39.5099983215332
Nigeria,NGA,2016,39.12799835205078
Nigeria,NGA,2017,38.68899917602539
Nigeria,NGA,2018,38.24800109863281
Nigeria,NGA,2019,37.8489990234375
North Macedonia,MKD,2010,11.737000465393066
North Macedonia,MKD,2011,11.116999626159668
North Macedonia,MKD,2012,11.375
North Macedonia,MKD,2013,11.20699977874756
North Macedonia,MKD,2014,11.347999572753906
North Macedonia,MKD,2015,11.135000228881836
North Macedonia,MKD,2016,11.04800033569336
North Macedonia,MKD,2017,10.510000228881836
North Macedonia,MKD,2018,10.267999649047852
North Macedonia,MKD,2019,9.67099952697754
Northern Mariana Islands,MNP,2010,19.378999710083008
Northern Mariana Islands,MNP,2011,17.856000900268555
Northern Mariana Islands,MNP,2012,17.33300018310547
Northern Mariana Islands,MNP,2013,15.994000434875488
Northern Mariana Islands,MNP,2014,14.788000106811523
Northern Mariana Islands,MNP,2015,13.907999992370604
Northern Mariana Islands,MNP,2016,13.234999656677246
Northern Mariana Islands,MNP,2017,12.800999641418455
Northern Mariana Islands,MNP,2018,12.482000350952148
Northern Mariana Islands,MNP,2019,12.380999565124512
Norway,NOR,2010,12.449000358581545
Norway,NOR,2011,12.102999687194824
Norway,NOR,2012,11.92199993133545
Norway,NOR,2013,11.552000045776367
Norway,NOR,2014,11.437000274658203
Norway,NOR,2015,11.31999969482422
Norway,NOR,2016,11.210000038146973
Norway,NOR,2017,10.715999603271484
Norway,NOR,2018,10.369000434875488
Norway,NOR,2019,10.194000244140623
Oman,OMN,2010,23.42099952697754
Oman,OMN,2011,22.62700080871582
Oman,OMN,2012,21.94300079345703
Oman,OMN,2013,21.56100082397461
Oman,OMN,2014,21.34199905395508
Oman,OMN,2015,21.31599998474121
Oman,OMN,2016,20.80299949645996
Oman,OMN,2017,20.28199958801269
Oman,OMN,2018,19.81599998474121
Oman,OMN,2019,19.29800033569336
Pakistan,PAK,2010,32.10900115966797
Pakistan,PAK,2011,31.871999740600582
Pakistan,PAK,2012,31.60099983215332
Pakistan,PAK,2013,31.18099975585937
Pakistan,PAK,2014,30.46199989318848
Pakistan,PAK,2015,29.698999404907227
Pakistan,PAK,2016,29.30599975585937
Pakistan,PAK,2017,28.96299934387207
Pakistan,PAK,2018,28.5939998626709
Pakistan,PAK,2019,28.275999069213867
Panama,PAN,2010,21.165000915527344
Panama,PAN,2011,21.21299934387207
Panama,PAN,2012,21.128999710083008
Panama,PAN,2013,20.75900077819824
Panama,PAN,2014,20.461000442504883
Panama,PAN,2015,20.11100006103516
Panama,PAN,2016,19.701000213623047
Panama,PAN,2017,19.316999435424805
Panama,PAN,2018,18.81399917602539
Panama,PAN,2019,18.22800064086914
Papua New Guinea,PNG,2010,30.44499969482422
Papua New Guinea,PNG,2011,30.027999877929688
Papua New Guinea,PNG,2012,29.55500030517578
Papua New Guinea,PNG,2013,29.121999740600582
Papua New Guinea,PNG,2014,28.687000274658203
Papua New Guinea,PNG,2015,28.17799949645996
Papua New Guinea,PNG,2016,27.702999114990234
Papua New Guinea,PNG,2017,27.215999603271484
Papua New Guinea,PNG,2018,26.833999633789062
Papua New Guinea,PNG,2019,26.3700008392334
Peru,PER,2010,21.06599998474121
Peru,PER,2011,20.75
Peru,PER,2012,20.225000381469727
Peru,PER,2013,19.709999084472656
Peru,PER,2014,19.24799919128418
Peru,PER,2015,18.808000564575195
Peru,PER,2016,18.5
Peru,PER,2017,18.268999099731445
Peru,PER,2018,18.09199905395508
Peru,PER,2019,18.04199981689453
Philippines,PHL,2010,25.51099967956543
Philippines,PHL,2011,24.416000366210938
Philippines,PHL,2012,24.457000732421875
Philippines,PHL,2013,24.285999298095703
Philippines,PHL,2014,23.82699966430664
Philippines,PHL,2015,23.25200080871582
Philippines,PHL,2016,22.836000442504883
Philippines,PHL,2017,22.66399955749512
Philippines,PHL,2018,22.44499969482422
Philippines,PHL,2019,22.253999710083008
Poland,POL,2010,10.949000358581545
Poland,POL,2011,10.357999801635742
Poland,POL,2012,10.241999626159668
Poland,POL,2013,9.852999687194824
Poland,POL,2014,9.996999740600586
Poland,POL,2015,9.83199977874756
Poland,POL,2016,10.12600040435791
Poland,POL,2017,10.57699966430664
Poland,POL,2018,10.366000175476074
Poland,POL,2019,9.937000274658203
Portugal,PRT,2010,9.531999588012695
Portugal,PRT,2011,9.130000114440918
Portugal,PRT,2012,8.53600025177002
Portugal,PRT,2013,7.925000190734863
Portugal,PRT,2014,7.913000106811523
Portugal,PRT,2015,8.222000122070312
Portugal,PRT,2016,8.402999877929688
Portugal,PRT,2017,8.350000381469727
Portugal,PRT,2018,8.41100025177002
Portugal,PRT,2019,8.321000099182129
Puerto Rico,PRI,2010,11.309000015258787
Puerto Rico,PRI,2011,11.088000297546388
Puerto Rico,PRI,2012,10.644000053405762
Puerto Rico,PRI,2013,10.09000015258789
Puerto Rico,PRI,2014,9.776000022888184
Puerto Rico,PRI,2015,9.142999649047852
Puerto Rico,PRI,2016,8.70199966430664
Puerto Rico,PRI,2017,7.947999954223633
Puerto Rico,PRI,2018,6.787000179290772
Puerto Rico,PRI,2019,7.902999877929687
Qatar,QAT,2010,10.803000450134276
Qatar,QAT,2011,11.366000175476074
Qatar,QAT,2012,11.234999656677246
Qatar,QAT,2013,11.237000465393066
Qatar,QAT,2014,10.845000267028809
Qatar,QAT,2015,10.32800006866455
Qatar,QAT,2016,10.086999893188477
Qatar,QAT,2017,10.227999687194824
Qatar,QAT,2018,10.597999572753906
Qatar,QAT,2019,10.743000030517578
Romania,ROU,2010,11.11400032043457
Romania,ROU,2011,10.13599967956543
Romania,ROU,2012,10.211999893188477
Romania,ROU,2013,9.70699977874756
Romania,ROU,2014,10.178999900817873
Romania,ROU,2015,10.45300006866455
Romania,ROU,2016,10.781999588012695
Romania,ROU,2017,11.020999908447266
Romania,ROU,2018,10.72599983215332
Romania,ROU,2019,10.437999725341797
Russia,RUS,2010,12.732000350952148
Russia,RUS,2011,12.98799991607666
Russia,RUS,2012,13.472000122070312
Russia,RUS,2013,13.531999588012695
Russia,RUS,2014,13.56700038909912
Russia,RUS,2015,13.437999725341797
Russia,RUS,2016,13.041999816894531
Russia,RUS,2017,11.630000114440918
Russia,RUS,2018,11.03600025177002
Russia,RUS,2019,10.215999603271484
Rwanda,RWA,2010,34.83599853515625
Rwanda,RWA,2011,33.65800094604492
Rwanda,RWA,2012,32.81800079345703
Rwanda,RWA,2013,32.40700149536133
Rwanda,RWA,2014,32.084999084472656
Rwanda,RWA,2015,31.83300018310547
Rwanda,RWA,2016,31.65900039672852
Rwanda,RWA,2017,31.39900016784668
Rwanda,RWA,2018,31.15800094604492
Rwanda,RWA,2019,30.775999069213867
Saudi Arabia,SAU,2010,21.893999099731445
Saudi Arabia,SAU,2011,21.63400077819824
Saudi Arabia,SAU,2012,21.2450008392334
Saudi Arabia,SAU,2013,20.753999710083008
Saudi Arabia,SAU,2014,20.160999298095703
Saudi Arabia,SAU,2015,19.52400016784668
Saudi Arabia,SAU,2016,18.972000122070312
Saudi Arabia,SAU,2017,18.902999877929688
Saudi Arabia,SAU,2018,18.702999114990234
Saudi Arabia,SAU,2019,18.451000213623047
Senegal,SEN,2010,37.7400016784668
Senegal,SEN,2011,37.50199890136719
Senegal,SEN,2012,37.20700073242188
Senegal,SEN,2013,36.81700134277344
Senegal,SEN,2014,36.321998596191406
Senegal,SEN,2015,35.35699844360352
Senegal,SEN,2016,34.67300033569336
Senegal,SEN,2017,34.2239990234375
Senegal,SEN,2018,33.95500183105469
Senegal,SEN,2019,33.470001220703125
Serbia,SRB,2010,9.3100004196167
Serbia,SRB,2011,9.310999870300291
Serbia,SRB,2012,9.527000427246094
Serbia,SRB,2013,9.364999771118164
Serbia,SRB,2014,9.489999771118164
Serbia,SRB,2015,9.43000030517578
Serbia,SRB,2016,9.354999542236328
Serbia,SRB,2017,9.404000282287598
Serbia,SRB,2018,9.335000038146973
Serbia,SRB,2019,9.413999557495115
Seychelles,SYC,2010,17.183000564575195
Seychelles,SYC,2011,18.25200080871582
Seychelles,SYC,2012,18.31100082397461
Seychelles,SYC,2013,17.093000411987305
Seychelles,SYC,2014,16.770999908447266
Seychelles,SYC,2015,16.990999221801758
Seychelles,SYC,2016,17.391000747680664
Seychelles,SYC,2017,17.350000381469727
Seychelles,SYC,2018,16.856000900268555
Seychelles,SYC,2019,16.347999572753906
Singapore,SGP,2010,9.118000030517578
Singapore,SGP,2011,9.354999542236328
Singapore,SGP,2012,9.815999984741213
Singapore,SGP,2013,9.12399959564209
Singapore,SGP,2014,9.42099952697754
Singapore,SGP,2015,9.211999893188477
Singapore,SGP,2016,7.443999767303467
Singapore,SGP,2017,7.019999980926514
Singapore,SGP,2018,6.861999988555908
Singapore,SGP,2019,6.888999938964844
Slovakia,SVK,2010,11.227999687194824
Slovakia,SVK,2011,11.20400047302246
Slovakia,SVK,2012,10.383999824523926
Slovakia,SVK,2013,10.225000381469728
Slovakia,SVK,2014,10.232999801635742
Slovakia,SVK,2015,10.281999588012695
Slovakia,SVK,2016,10.58899974822998
Slovakia,SVK,2017,10.647000312805176
Slovakia,SVK,2018,10.574999809265137
Slovakia,SVK,2019,10.458999633789062
Slovenia,SVN,2010,11.060999870300291
Slovenia,SVN,2011,10.864999771118164
Slovenia,SVN,2012,10.781000137329102
Slovenia,SVN,2013,10.39900016784668
Slovenia,SVN,2014,10.383999824523926
Slovenia,SVN,2015,10.1899995803833
Slovenia,SVN,2016,10.015999794006348
Slovenia,SVN,2017,9.946999549865724
Slovenia,SVN,2018,9.625
Slovenia,SVN,2019,9.418999671936035
Solomon Islands,SLB,2010,33.64099884033203
Solomon Islands,SLB,2011,33.632999420166016
Solomon Islands,SLB,2012,33.61899948120117
Solomon Islands,SLB,2013,33.584999084472656
Solomon Islands,SLB,2014,33.47700119018555
Solomon Islands,SLB,2015,32.928001403808594
Solomon Islands,SLB,2016,32.37900161743164
Solomon Islands,SLB,2017,31.743000030517575
Solomon Islands,SLB,2018,31.2189998626709
Solomon Islands,SLB,2019,30.761999130249023
South Africa,ZAF,2010,22.27400016784668
South Africa,ZAF,2011,22.28199958801269
South Africa,ZAF,2012,22.35300064086914
South Africa,ZAF,2013,22.177000045776367
South Africa,ZAF,2014,22.05699920654297
South Africa,ZAF,2015,21.299999237060547
South Africa,ZAF,2016,20.25
South Africa,ZAF,2017,20.64299964904785
South Africa,ZAF,2018,21.136999130249023
South Africa,ZAF,2019,21.275999069213867
South Korea,KOR,2010,9.286999702453612
South Korea,KOR,2011,9.366000175476074
South Korea,KOR,2012,9.3100004196167
South Korea,KOR,2013,8.812000274658203
South Korea,KOR,2014,8.571000099182129
South Korea,KOR,2015,8.366999626159668
South Korea,KOR,2016,7.797999858856201
South Korea,KOR,2017,7.019000053405762
South Korea,KOR,2018,6.375
South Korea,KOR,2019,5.920000076293945
South Sudan,SSD,2010,40.18000030517578
South Sudan,SSD,2011,40.255001068115234
South Sudan,SSD,2012,39.87200164794922
South Sudan,SSD,2013,39.27000045776367
South Sudan,SSD,2014,38.47999954223633
South Sudan,SSD,2015,36.32500076293945
South Sudan,SSD,2016,35.150001525878906
South Sudan,SSD,2017,32.6510009765625
South Sudan,SSD,2018,30.14699935913086
South Sudan,SSD,2019,29.058000564575195
Spain,ESP,2010,10.45400047302246
Spain,ESP,2011,10.11299991607666
Spain,ESP,2012,9.729000091552734
Spain,ESP,2013,9.161999702453612
Spain,ESP,2014,9.157999992370604
Spain,ESP,2015,8.998000144958496
Spain,ESP,2016,8.769000053405762
Spain,ESP,2017,8.368000030517578
Spain,ESP,2018,7.888999938964844
Spain,ESP,2019,7.563000202178955
Sri Lanka,LKA,2010,17.55299949645996
Sri Lanka,LKA,2011,17.511999130249023
Sri Lanka,LKA,2012,17.31800079345703
Sri Lanka,LKA,2013,17.0049991607666
Sri Lanka,LKA,2014,16.395999908447266
Sri Lanka,LKA,2015,15.88599967956543
Sri Lanka,LKA,2016,15.496000289916992
Sri Lanka,LKA,2017,15.170000076293944
Sri Lanka,LKA,2018,14.80500030517578
Sri Lanka,LKA,2019,14.534000396728516
Sudan,SDN,2010,37.49700164794922
Sudan,SDN,2011,36.90999984741211
Sudan,SDN,2012,36.31600189208984
Sudan,SDN,2013,36.32699966430664
Sudan,SDN,2014,36.3489990234375
Sudan,SDN,2015,36.41299819946289
Sudan,SDN,2016,36.03799819946289
Sudan,SDN,2017,35.66899871826172
Sudan,SDN,2018,35.23600006103516
Sudan,SDN,2019,34.823001861572266
Suriname,SUR,2010,20.36100006103516
Suriname,SUR,2011,20.059999465942383
Suriname,SUR,2012,19.79199981689453
Suriname,SUR,2013,19.54700088500977
Suriname,SUR,2014,19.333999633789062
Suriname,SUR,2015,19.12700080871582
Suriname,SUR,2016,18.91200065612793
Suriname,SUR,2017,18.757999420166016
Suriname,SUR,2018,18.57699966430664
Suriname,SUR,2019,18.40900039672852
Sweden,SWE,2010,12.22700023651123
Sweden,SWE,2011,11.80799961090088
Sweden,SWE,2012,11.833000183105469
Sweden,SWE,2013,11.758000373840332
Sweden,SWE,2014,11.817999839782717
Sweden,SWE,2015,11.730999946594238
Sweden,SWE,2016,11.80799961090088
Sweden,SWE,2017,11.484999656677246
Sweden,SWE,2018,11.357999801635742
Sweden,SWE,2019,11.157999992370604
Switzerland,CHE,2010,10.1850004196167
Switzerland,CHE,2011,10.13700008392334
Switzerland,CHE,2012,10.199000358581545
Switzerland,CHE,2013,10.161999702453612
Switzerland,CHE,2014,10.32800006866455
Switzerland,CHE,2015,10.39900016784668
Switzerland,CHE,2016,10.425999641418455
Switzerland,CHE,2017,10.281000137329102
Switzerland,CHE,2018,10.243000030517578
Switzerland,CHE,2019,10.04599952697754
Taiwan,TWN,2010,7.61299991607666
Taiwan,TWN,2011,8.586999893188477
Taiwan,TWN,2012,9.357999801635742
Taiwan,TWN,2013,9.142999649047852
Taiwan,TWN,2014,9.279000282287598
Taiwan,TWN,2015,9.20699977874756
Taiwan,TWN,2016,8.965999603271484
Taiwan,TWN,2017,8.559000015258789
Taiwan,TWN,2018,8.168999671936035
Taiwan,TWN,2019,7.928999900817871
Tanzania,TZA,2010,39.729000091552734
Tanzania,TZA,2011,39.07600021362305
Tanzania,TZA,2012,38.32899856567383
Tanzania,TZA,2013,38.72100067138672
Tanzania,TZA,2014,38.89300155639648
Tanzania,TZA,2015,38.74100112915039
Tanzania,TZA,2016,38.37900161743164
Tanzania,TZA,2017,38.05799865722656
Tanzania,TZA,2018,37.525001525878906
Tanzania,TZA,2019,37.11299896240234
Thailand,THA,2010,11.925999641418455
Thailand,THA,2011,11.949999809265137
Thailand,THA,2012,11.753999710083008
Thailand,THA,2013,11.37399959564209
Thailand,THA,2014,11.003999710083008
Thailand,THA,2015,10.607000350952148
Thailand,THA,2016,10.260000228881836
Thailand,THA,2017,9.979999542236328
Thailand,THA,2018,9.661999702453612
Thailand,THA,2019,9.376999855041504
Trinidad and Tobago,TTO,2010,14.842000007629396
Trinidad and Tobago,TTO,2011,14.781000137329102
Trinidad and Tobago,TTO,2012,14.571999549865724
Trinidad and Tobago,TTO,2013,14.281999588012695
Trinidad and Tobago,TTO,2014,13.958000183105469
Trinidad and Tobago,TTO,2015,13.604000091552734
Trinidad and Tobago,TTO,2016,13.291999816894531
Trinidad and Tobago,TTO,2017,12.909000396728516
Trinidad and Tobago,TTO,2018,12.557000160217283
Trinidad and Tobago,TTO,2019,12.359000205993652
Tunisia,TUN,2010,18.211000442504883
Tunisia,TUN,2011,18.93400001525879
Tunisia,TUN,2012,19.18400001525879
Tunisia,TUN,2013,19.32999992370605
Tunisia,TUN,2014,19.30299949645996
Tunisia,TUN,2015,19.11899948120117
Tunisia,TUN,2016,18.780000686645508
Tunisia,TUN,2017,18.39900016784668
Tunisia,TUN,2018,17.73699951171875
Tunisia,TUN,2019,17.21500015258789
Turkey,TUR,2010,17.746000289916992
Turkey,TUR,2011,17.63800048828125
Turkey,TUR,2012,17.663999557495117
Turkey,TUR,2013,17.73699951171875
Turkey,TUR,2014,17.972000122070312
Turkey,TUR,2015,17.93899917602539
Turkey,TUR,2016,17.73900032043457
Turkey,TUR,2017,17.368000030517578
Turkey,TUR,2018,16.481000900268555
Turkey,TUR,2019,15.593999862670898
Turks and Caicos Islands,TCA,2010,13.70199966430664
Turks and Caicos Islands,TCA,2011,13.48799991607666
Turks and Caicos Islands,TCA,2012,13.258000373840332
Turks and Caicos Islands,TCA,2013,13.041999816894531
Turks and Caicos Islands,TCA,2014,12.80799961090088
Turks and Caicos Islands,TCA,2015,12.815999984741213
Turks and Caicos Islands,TCA,2016,13.215999603271484
Turks and Caicos Islands,TCA,2017,13.30799961090088
Turks and Caicos Islands,TCA,2018,13.130000114440918
Turks and Caicos Islands,TCA,2019,12.848999977111816
Uganda,UGA,2010,43.06800079345703
Uganda,UGA,2011,42.43399810791016
Uganda,UGA,2012,41.74300003051758
Uganda,UGA,2013,40.94300079345703
Uganda,UGA,2014,40.15399932861328
Uganda,UGA,2015,39.422000885009766
Uganda,UGA,2016,38.70899963378906
Uganda,UGA,2017,38.34299850463867
Uganda,UGA,2018,38.0620002746582
Uganda,UGA,2019,37.66699981689453
Ukraine,UKR,2010,10.9350004196167
Ukraine,UKR,2011,11.14799976348877
Ukraine,UKR,2012,11.413000106811523
Ukraine,UKR,2013,11.184000015258787
Ukraine,UKR,2014,10.9399995803833
Ukraine,UKR,2015,10.734999656677246
Ukraine,UKR,2016,10.23900032043457
Ukraine,UKR,2017,9.383999824523926
Ukraine,UKR,2018,8.668999671936035
Ukraine,UKR,2019,7.995999813079834
United Arab Emirates,ARE,2010,13.664999961853027
United Arab Emirates,ARE,2011,13.291999816894531
United Arab Emirates,ARE,2012,12.91100025177002
United Arab Emirates,ARE,2013,12.437999725341797
United Arab Emirates,ARE,2014,11.98900032043457
United Arab Emirates,ARE,2015,11.477999687194824
United Arab Emirates,ARE,2016,10.993000030517578
United Arab Emirates,ARE,2017,10.619999885559082
United Arab Emirates,ARE,2018,10.048999786376951
United Arab Emirates,ARE,2019,9.75
United Kingdom,GBR,2010,12.788999557495115
United Kingdom,GBR,2011,12.736000061035156
United Kingdom,GBR,2012,12.706000328063965
United Kingdom,GBR,2013,12.17099952697754
United Kingdom,GBR,2014,12.031999588012695
United Kingdom,GBR,2015,11.984000205993652
United Kingdom,GBR,2016,11.873000144958496
United Kingdom,GBR,2017,11.47599983215332
United Kingdom,GBR,2018,11.029000282287598
United Kingdom,GBR,2019,10.63700008392334
United States,USA,2010,12.994000434875488
United States,USA,2011,12.72700023651123
United States,USA,2012,12.604000091552734
United States,USA,2013,12.446000099182127
United States,USA,2014,12.45699977874756
United States,USA,2015,12.333999633789062
United States,USA,2016,12.121999740600586
United States,USA,2017,11.76099967956543
United States,USA,2018,11.468000411987305
United States,USA,2019,11.258000373840332
Uruguay,URY,2010,14.263999938964844
Uruguay,URY,2011,14.222999572753906
Uruguay,URY,2012,14.196000099182127
Uruguay,URY,2013,14.196999549865724
Uruguay,URY,2014,14.08199977874756
Uruguay,URY,2015,14.215999603271484
Uruguay,URY,2016,13.640000343322754
Uruguay,URY,2017,12.57900047302246
Uruguay,URY,2018,11.604999542236328
Uruguay,URY,2019,10.821999549865724
Uzbekistan,UZB,2010,22.638999938964844
Uzbekistan,UZB,2011,22.18099975585937
Uzbekistan,UZB,2012,22.17300033569336
Uzbekistan,UZB,2013,22.6879997253418
Uzbekistan,UZB,2014,23.19700050354004
Uzbekistan,UZB,2015,23.351999282836918
Uzbekistan,UZB,2016,23.093000411987305
Uzbekistan,UZB,2017,22.80599975585937
Uzbekistan,UZB,2018,23.996999740600582
Uzbekistan,UZB,2019,24.31399917602539
Vanuatu,VUT,2010,33.055999755859375
Vanuatu,VUT,2011,33.27899932861328
Vanuatu,VUT,2012,33.249000549316406
Vanuatu,VUT,2013,33.08700180053711
Vanuatu,VUT,2014,32.85499954223633
Vanuatu,VUT,2015,32.41999816894531
Vanuatu,VUT,2016,32.02899932861328
Vanuatu,VUT,2017,31.483999252319336
Vanuatu,VUT,2018,30.888999938964844
Vanuatu,VUT,2019,30.399999618530277
Venezuela,VEN,2010,20.80500030517578
Venezuela,VEN,2011,20.465999603271484
Venezuela,VEN,2012,20.14299964904785
Venezuela,VEN,2013,19.82699966430664
Venezuela,VEN,2014,19.506999969482425
Venezuela,VEN,2015,19.201000213623047
Venezuela,VEN,2016,18.89800071716309
Venezuela,VEN,2017,18.50200080871582
Venezuela,VEN,2018,17.832000732421875
Venezuela,VEN,2019,16.88800048828125
Vietnam,VNM,2010,16.9060001373291
Vietnam,VNM,2011,16.929000854492188
Vietnam,VNM,2012,17.077999114990234
Vietnam,VNM,2013,17.152000427246094
Vietnam,VNM,2014,16.981000900268555
Vietnam,VNM,2015,16.78700065612793
Vietnam,VNM,2016,16.437999725341797
Vietnam,VNM,2017,16.100000381469727
Vietnam,VNM,2018,15.873000144958496
Vietnam,VNM,2019,15.663000106811523
Zambia,ZMB,2010,41.79399871826172
Zambia,ZMB,2011,41.1619987487793
Zambia,ZMB,2012,40.35200119018555
Zambia,ZMB,2013,39.50699996948242
Zambia,ZMB,2014,38.58399963378906
Zambia,ZMB,2015,37.83200073242188
Zambia,ZMB,2016,37.242000579833984
Zambia,ZMB,2017,36.60100173950195
Zambia,ZMB,2018,36.040000915527344
Zambia,ZMB,2019,35.46200180053711
Zimbabwe,ZWE,2010,37.055999755859375
Zimbabwe,ZWE,2011,37.20500183105469
Zimbabwe,ZWE,2012,36.80400085449219
Zimbabwe,ZWE,2013,36.24599838256836
Zimbabwe,ZWE,2014,35.12200164794922
Zimbabwe,ZWE,2015,33.959999084472656
Zimbabwe,ZWE,2016,33.17100143432617
Zimbabwe,ZWE,2017,32.51599884033203
Zimbabwe,ZWE,2018,32.07400131225586
Zimbabwe,ZWE,2019,31.51799964904785
